frame,num_particles,solver_iters,max_neighbors,sort_every_n,avg_neighbors_grid_x1000,avg_rho_rel_grid_x1000,avg_rho_grid_x1000,avg_neighbors_bf_x1000,avg_rho_rel_bf_x1000,avg_rho_bf_x1000,neighbor_grid_vs_bf_diff_permille,com_x_x1000,com_y_x1000,com_z_x1000,sim_ms,clear,points,present,gpu_0,frame_ms,fps,profile
0,1,2,64,1,0,0,0,0,0,0,0,1900,1000,1000,5.1053,0.4808,0.0701,16.1278,0.004096,0,0,""
1,21,2,64,1,0.3657,0.0474,0.0152,3.3776,0.003072,0,0,""
2,41,2,64,1,0.4663,0.0696,0.0192,1.0467,0.003072,0,0,""
3,61,2,64,1,0.3719,0.04,0.0156,0.614,0.001024,0.0001,1e+07,""
4,81,2,64,1,0.3768,0.0313,0.0158,0.4682,0.001024,0,0,""
5,101,2,64,1,0.3394,0.0257,0.0092,1.0117,0.002048,0,0,""
6,121,2,64,1,0.4181,0.0213,0.0091,0.1864,0.001024,0,0,""
7,141,2,64,1,0.2751,0.017,0.0066,0.1424,0.002048,0.0001,1e+07,""
8,161,2,64,1,0.312,0.0167,0.0064,0.1371,0.001024,0,0,""
9,181,2,64,1,0.3025,0.0183,0.007,0.141,0.001024,0,0,""
10,201,2,64,1,0.3839,0.0323,0.0121,0.2425,0.002048,0,0,""
11,221,2,64,1,0.365,0.0223,0.0091,0.1802,0.002048,0,0,""
12,241,2,64,1,0.3823,0.0207,0.0082,1.234,0.00176,0.0001,1e+07,""
13,261,2,64,1,0.6206,0.0553,0.016,0.3059,0.001792,0,0,""
14,281,2,64,1,0.3991,0.0261,0.0097,0.187,0.002048,0,0,""
15,301,2,64,1,0.3289,0.0202,0.0076,0.9332,0.00192,0.0001,1e+07,""
16,321,2,64,1,0.6335,0.065,0.0196,0.2942,0.00192,0,0,""
17,341,2,64,1,0.3819,0.0265,0.0094,0.186,0.001024,0,0,""
18,361,2,64,1,0.4531,0.0387,0.012,1.368,0.001024,0.0001,1e+07,""
19,381,2,64,1,0.4516,0.0552,0.0174,0.3014,0.002048,0,0,""
20,401,2,64,1,0.4227,0.0297,0.0117,0.1931,0.002048,0,0,""
21,421,2,64,1,0.375,0.0221,0.009,1.9773,0.002048,0.0001,1e+07,""
22,441,2,64,1,0.6179,0.0753,0.0182,0.3137,0.002048,0,0,""
23,461,2,64,1,0.4233,0.0331,0.012,0.2293,0.002048,0,0,""
24,481,2,64,1,0.4326,0.0259,0.0089,1.2131,0.002048,0.0001,1e+07,""
25,501,2,64,1,0.4947,0.0574,0.0166,0.2971,0.002048,0,0,""
26,521,2,64,1,0.4869,0.0354,0.0116,0.2353,0.002048,0,0,""
27,541,2,64,1,0.4292,0.0304,0.0103,0.2061,0.002048,0,0,""
28,561,2,64,1,0.6744,0.066,0.02,0.3166,0.002048,0,0,""
29,581,2,64,1,0.4513,0.034,0.0126,0.2314,0.002048,0,0,""
30,601,2,64,1,0,0,0,3921,1026,1026,1000,49570,96826,50874,1.18078e+08,47,0.4103,0.0454,0.015,0.3066,0.001024,0,0,""
31,621,2,64,1,0.5836,0.0555,0.0171,0.2961,0.001024,0,0,""
32,641,2,64,1,0.4666,0.0254,0.0097,0.1857,0.001024,0.0001,1e+07,""
33,661,2,64,1,0.3658,0.0223,0.0089,0.1851,0.001888,0,0,""
34,681,2,64,1,0.7062,0.0662,0.0206,0.2982,0.001888,0,0,""
35,701,2,64,1,0.4079,0.0294,0.0106,0.2098,0.001888,0,0,""
36,721,2,64,1,0.4204,0.0199,0.0076,0.1625,0.002048,0,0,""
37,741,2,64,1,0.5785,0.0556,0.0159,0.2701,0.002048,0.0001,1e+07,""
38,761,2,64,1,0.417,0.0278,0.0102,0.1944,0.002048,0.0001,1e+07,""
39,781,2,64,1,0.3748,0.0215,0.0084,0.166,0.001984,0.0001,1e+07,""
40,801,2,64,1,0.6196,0.0663,0.0204,0.34,0.001984,0,0,""
41,821,2,64,1,0.4044,0.0242,0.0092,0.1836,0.001984,0,0,""
42,841,2,64,1,0.3751,0.0245,0.0088,0.1822,0.002048,0,0,""
43,861,2,64,1,0.6082,0.0544,0.016,0.2784,0.002048,0,0,""
44,881,2,64,1,0.4938,0.0332,0.0115,0.212,0.002048,0,0,""
45,901,2,64,1,0.4121,0.0309,0.0117,0.2081,0.002048,0,0,""
46,921,2,64,1,0.5514,0.0584,0.0168,0.301,0.002048,0.0001,1e+07,""
47,941,2,64,1,0.414,0.0323,0.0112,0.2009,0.002048,0,0,""
48,961,2,64,1,0.4691,0.0262,0.0102,0.1897,0.001952,0.0001,1e+07,""
49,981,2,64,1,0.5626,0.061,0.0171,0.2897,0.001952,0,0,""
50,1001,2,64,1,0.4782,0.0415,0.0137,0.2409,0.001952,0,0,""
51,1021,2,64,1,0.4256,0.0358,0.0125,0.24,0.002048,0,0,""
52,1041,2,64,1,0.7909,0.0671,0.0198,0.3592,0.002048,0,0,""
53,1061,2,64,1,0.5611,0.0536,0.0201,0.3032,0.002048,0,0,""
54,1081,2,64,1,0.5016,0.0565,0.0182,0.3328,0.001856,0,0,""
55,1101,2,64,1,0.627,0.0715,0.0229,0.3887,0.001856,0.0001,1e+07,""
56,1121,2,64,1,0.652,0.0462,0.0162,0.2912,0.001856,0,0,""
57,1141,2,64,1,0.4643,0.0482,0.0174,0.3488,0.002048,0,0,""
58,1161,2,64,1,0.6236,0.0812,0.0291,0.3904,0.002048,0,0,""
59,1181,2,64,1,0.5609,0.0415,0.0166,0.2995,0.002048,0.0001,1e+07,""
60,1201,2,64,1,0,0,0,5289,1136,1136,1000,50768,96622,50906,1.2151e+06,708,0.6515,0.0614,0.0169,0.3458,0.002048,0,0,""
61,1221,2,64,1,0.5594,0.0654,0.0205,0.4069,0.002048,0.0001,1e+07,""
62,1241,2,64,1,0.5841,0.0502,0.0156,0.2715,0.002048,0,0,""
63,1261,2,64,1,0.4959,0.0452,0.0148,0.2726,0.001952,0.0001,1e+07,""
64,1281,2,64,1,0.6815,0.0589,0.0184,0.2866,0.001952,0,0,""
65,1301,2,64,1,0.4737,0.0366,0.0132,0.2392,0.001952,0,0,""
66,1321,2,64,1,0.4672,0.0306,0.0107,0.2061,0.002048,0,0,""
67,1341,2,64,1,0.5091,0.0581,0.017,0.2795,0.002048,0,0,""
68,1361,2,64,1,0.5272,0.0402,0.0131,0.2348,0.002048,0,0,""
69,1381,2,64,1,0.4261,0.0249,0.009,0.1771,0.002048,0.0002,5e+06,""
70,1401,2,64,1,0.583,0.0675,0.0179,0.4993,0.002048,0.0001,1e+07,""
71,1421,2,64,1,0.5301,0.0468,0.0148,0.2801,0.002048,0,0,""
72,1441,2,64,1,0.5279,0.0343,0.0125,0.4319,0.002048,0.0001,1e+07,""
73,1461,2,64,1,0.6191,0.0571,0.0158,0.2765,0.002048,0,0,""
74,1481,2,64,1,0.4291,0.0346,0.0112,0.201,0.002048,0,0,""
75,1501,2,64,1,0.3835,0.0219,0.0083,0.1713,0.002048,0,0,""
76,1521,2,64,1,0.5947,0.0643,0.0167,0.3001,0.002048,0.0001,1e+07,""
77,1541,2,64,1,0.4641,0.0367,0.0133,0.2421,0.002048,0.0001,1e+07,""
78,1561,2,64,1,0.4911,0.0359,0.0127,0.2441,0.002048,0,0,""
79,1581,2,64,1,0.6105,0.0593,0.0164,0.2816,0.002048,0,0,""
80,1601,2,64,1,0.6066,0.0384,0.0132,0.2575,0.002048,0,0,""
81,1621,2,64,1,0.4421,0.0267,0.0102,0.198,0.002048,0,0,""
82,1641,2,64,1,0.5348,0.0629,0.0174,0.2781,0.002048,0,0,""
83,1661,2,64,1,0.4464,0.0319,0.0109,0.2214,0.002048,0,0,""
84,1681,2,64,1,0.5644,0.0385,0.0135,0.2378,0.002048,0,0,""
85,1701,2,64,1,0.5329,0.0594,0.0165,0.2825,0.002048,0,0,""
86,1721,2,64,1,0.4567,0.0301,0.0112,0.2049,0.002048,0,0,""
87,1741,2,64,1,0.4215,0.0267,0.011,0.1963,0.002048,0,0,""
88,1761,2,64,1,0.7017,0.0616,0.0192,0.2746,0.002048,0,0,""
89,1781,2,64,1,0.4067,0.021,0.0079,0.1686,0.002048,0,0,""
90,1801,2,64,1,0,0,0,4823,1011,1011,1000,50848,95875,50486,860536,-331,0.4236,0.05,0.0169,0.2813,0.002048,0,0,""
91,1821,2,64,1,0.5438,0.0602,0.0167,0.3005,0.002048,0,0,""
92,1841,2,64,1,0.5737,0.0407,0.0127,0.2343,0.002048,0,0,""
93,1861,2,64,1,0.4456,0.0277,0.0104,0.2089,0.002048,0,0,""
94,1881,2,64,1,0.622,0.0645,0.021,0.3184,0.002048,0,0,""
95,1901,2,64,1,0.4858,0.03,0.0115,0.2416,0.002048,0.0001,1e+07,""
96,1921,2,64,1,0.5721,0.0269,0.0092,0.1948,0.002048,0.0001,1e+07,""
97,1941,2,64,1,0.6208,0.0581,0.0175,0.2701,0.002048,0,0,""
98,1961,2,64,1,22.3306,0.0594,0.0157,0.2861,0.002048,0,0,""
99,1981,2,64,1,0.6842,0.0471,0.0169,0.3293,0.001024,0,0,""
100,2001,2,64,1,0.5496,0.0236,0.0095,0.1807,0.001024,0,0,""
101,2021,2,64,1,0.4032,0.0195,0.0074,0.1561,0.001024,0,0,""
102,2041,2,64,1,0.3786,0.0171,0.0064,0.1437,0.002048,0,0,""
103,2061,2,64,1,0.593,0.0583,0.0161,0.292,0.002048,0,0,""
104,2081,2,64,1,0.5531,0.0292,0.0106,0.2147,0.002048,0,0,""
105,2101,2,64,1,0.4501,0.0378,0.0115,0.2333,0.002048,0,0,""
106,2121,2,64,1,0.5488,0.0699,0.0214,0.3105,0.002048,0,0,""
107,2141,2,64,1,0.6706,0.0619,0.0195,0.3305,0.002048,0,0,""
108,2161,2,64,1,0.6095,0.2313,0.0176,0.3394,0.002048,0,0,""
109,2181,2,64,1,0.6278,0.068,0.0203,0.306,0.002048,0,0,""
110,2201,2,64,1,0.4577,0.0359,0.0134,0.2395,0.002048,0,0,""
111,2221,2,64,1,0.4774,0.0398,0.0139,0.2754,0.002048,0,0,""
112,2241,2,64,1,0.7648,0.061,0.0172,0.2905,0.002048,0,0,""
113,2261,2,64,1,0.4998,0.0437,0.0139,0.262,0.002048,0,0,""
114,2281,2,64,1,0.4535,0.0318,0.0106,0.2129,0.002048,0,0,""
115,2301,2,64,1,0.6362,0.0573,0.0157,0.277,0.002048,0,0,""
116,2321,2,64,1,0.5737,0.0298,0.011,0.2121,0.002048,0,0,""
117,2341,2,64,1,0.4303,0.0279,0.0107,0.2176,0.002048,0,0,""
118,2361,2,64,1,0.6135,0.0594,0.0166,0.3107,0.002048,0.0001,1e+07,""
119,2381,2,64,1,0.486,0.0484,0.0155,0.2937,0.002048,0,0,""
120,2401,2,64,1,0,0,0,4755,1005,1005,1000,50868,94771,50367,1.11078e+06,-138,0.6519,0.0627,0.0173,0.3178,0.002048,0,0,""
121,2421,2,64,1,0.6332,0.0658,0.0197,0.2937,0.002048,0,0,""
122,2441,2,64,1,0.506,0.0349,0.0115,0.2223,0.002048,0,0,""
123,2461,2,64,1,0.4511,0.0289,0.0113,0.2061,0.002048,0,0,""
124,2481,2,64,1,0.7501,0.0594,0.017,0.3016,0.002048,0,0,""
125,2501,2,64,1,0.5027,0.0355,0.0134,0.2248,0.002048,0.0001,1e+07,""
126,2521,2,64,1,0.4245,0.0209,0.008,0.1701,0.002048,0,0,""
127,2541,2,64,1,0.8005,0.0673,0.0193,0.3321,0.002048,0,0,""
128,2561,2,64,1,0.672,0.0392,0.0123,0.2239,0.002048,0,0,""
129,2581,2,64,1,0.4801,0.0335,0.0114,0.426,0.002048,0,0,""
130,2601,2,64,1,0.5352,0.0571,0.0171,0.2873,0.002048,0,0,""
131,2621,2,64,1,0.4627,0.0343,0.0125,0.2229,0.002048,0.0001,1e+07,""
132,2641,2,64,1,0.5805,0.0291,0.0102,0.1894,0.002048,0.0001,1e+07,""
133,2661,2,64,1,0.6571,0.0641,0.0201,0.3003,0.002048,0.0001,1e+07,""
134,2681,2,64,1,0.4785,0.0331,0.011,0.2235,0.002048,0,0,""
135,2701,2,64,1,0.4746,0.0313,0.0117,0.2201,0.001952,0.0001,1e+07,""
136,2721,2,64,1,0.7652,0.0548,0.0163,0.2713,0.001952,0,0,""
137,2741,2,64,1,0.4439,0.0241,0.009,0.1838,0.001952,0,0,""
138,2761,2,64,1,0.4118,0.0192,0.0068,0.1562,0.001888,0,0,""
139,2781,2,64,1,0.6072,0.0634,0.0196,0.369,0.001024,0,0,""
140,2801,2,64,1,0.5948,0.0266,0.01,0.1962,0.001024,0,0,""
141,2821,2,64,1,0.4929,0.0334,0.012,0.2523,0.00192,0,0,""
142,2841,2,64,1,0.6123,0.0699,0.0179,0.2879,0.00192,0,0,""
143,2861,2,64,1,0.5531,0.056,0.021,0.3625,0.00192,0,0,""
144,2881,2,64,1,0.6103,0.0416,0.0142,0.3832,0.002048,0,0,""
145,2901,2,64,1,0.6275,0.0842,0.0212,0.4157,0.002048,0.0001,1e+07,""
146,2921,2,64,1,0.511,0.0359,0.013,0.2204,0.002048,0,0,""
147,2941,2,64,1,0.4233,0.0202,0.008,0.1648,0.002048,0,0,""
148,2961,2,64,1,0.6896,0.057,0.0178,0.2892,0.002048,0,0,""
149,2981,2,64,1,0.4761,0.0291,0.0114,0.2235,0.002048,0,0,""
150,3001,2,64,1,0,0,0,4601,997,997,1000,50534,93451,49823,1.46571e+06,19,0.4489,0.0445,0.0142,0.2639,0.002048,0,0,""
151,3021,2,64,1,0.5368,0.0546,0.0164,0.268,0.002048,0,0,""
152,3041,2,64,1,0.5905,0.0301,0.0106,0.1994,0.002048,0,0,""
153,3061,2,64,1,0.4176,0.0239,0.0097,0.1893,0.002048,0.0001,1e+07,""
154,3081,2,64,1,0.5912,0.0686,0.0255,0.3341,0.002048,0,0,""
155,3101,2,64,1,0.5425,0.0322,0.0115,0.209,0.002048,0.0001,1e+07,""
156,3121,2,64,1,0.5862,0.0283,0.0115,0.194,0.002048,0.0001,1e+07,""
157,3141,2,64,1,0.6056,0.0545,0.0168,0.2802,0.002048,0,0,""
158,3161,2,64,1,0.4769,0.0425,0.0155,0.3203,0.002048,0.0001,1e+07,""
159,3181,2,64,1,0.5141,0.0322,0.0129,0.2182,0.002048,0,0,""
160,3201,2,64,1,0.7853,0.0593,0.0166,0.2803,0.002048,0,0,""
161,3221,2,64,1,0.464,0.0325,0.0118,0.2119,0.002048,0,0,""
162,3241,2,64,1,0.4282,0.0192,0.0077,0.159,0.002016,0.0001,1e+07,""
163,3261,2,64,1,0.5978,0.0593,0.0192,0.3148,0.002016,0,0,""
164,3281,2,64,1,0.5963,0.0221,0.0082,0.1745,0.002016,0,0,""
165,3301,2,64,1,0.4073,0.0187,0.0073,0.1515,0.001824,0,0,""
166,3321,2,64,1,0.61,0.0529,0.0166,0.2931,0.001824,0,0,""
167,3341,2,64,1,0.4526,0.0277,0.0101,0.1913,0.001824,0,0,""
168,3361,2,64,1,0.6084,0.0239,0.0091,0.178,0.002048,0,0,""
169,3381,2,64,1,0.6188,0.0646,0.0244,0.3225,0.002048,0,0,""
170,3401,2,64,1,0.4415,0.0261,0.0131,0.2156,0.002048,0,0,""
171,3421,2,64,1,0.4276,0.0236,0.0091,0.1794,0.002016,0.0001,1e+07,""
172,3441,2,64,1,0.7811,0.0532,0.0167,0.2772,0.002016,0,0,""
173,3461,2,64,1,0.4408,0.0261,0.0107,0.1986,0.002016,0,0,""
174,3481,2,64,1,0.4126,0.0216,0.0084,0.1656,0.002016,0.0001,1e+07,""
175,3501,2,64,1,0.541,0.0532,0.0156,0.2925,0.002016,0,0,""
176,3521,2,64,1,0.5915,0.0262,0.01,0.1864,0.002016,0,0,""
177,3541,2,64,1,0.3926,0.019,0.0072,0.15,0.002048,0,0,""
178,3561,2,64,1,0.5293,0.0528,0.0161,0.2948,0.002048,0,0,""
179,3581,2,64,1,0.4167,0.0196,0.0075,0.1573,0.002048,0,0,""
180,3601,2,64,1,0,0,0,4442,990,990,1000,50682,92033,50029,1.44021e+06,62,0.5839,0.0358,0.0114,0.2085,0.002048,0,0,""
181,3621,2,64,1,0.564,0.0488,0.0162,0.2663,0.002048,0.0001,1e+07,""
182,3641,2,64,1,0.4187,0.0207,0.0078,0.1584,0.002048,0,0,""
183,3661,2,64,1,0.3939,0.0176,0.0064,0.142,0.002048,0,0,""
184,3681,2,64,1,0.7984,0.0438,0.0131,0.237,0.002048,0,0,""
185,3701,2,64,1,0.4594,0.0204,0.0065,0.1679,0.002048,0,0,""
186,3721,2,64,1,0.4318,0.0181,0.0065,0.2217,0.002048,0.0001,1e+07,""
187,3741,2,64,1,0.6116,0.0631,0.0196,0.2772,0.002048,0.0001,1e+07,""
188,3761,2,64,1,0.5983,0.0205,0.0079,0.1936,0.002048,0,0,""
189,3781,2,64,1,0.4065,0.0182,0.0068,0.1445,0.002048,0.0001,1e+07,""
190,3801,2,64,1,0.5272,0.0544,0.0156,0.2892,0.002048,0,0,""
191,3821,2,64,1,0.4799,0.0375,0.0123,0.2243,0.002048,0.0001,1e+07,""
192,3841,2,64,1,0.629,0.0296,0.0104,0.2014,0.001984,0.0001,1e+07,""
193,3861,2,64,1,0.5622,0.0647,0.017,0.2998,0.001984,0,0,""
194,3881,2,64,1,0.5561,0.0421,0.015,0.3378,0.001984,0,0,""
195,3901,2,64,1,0.4801,0.0343,0.0142,0.2626,0.001024,0,0,""
196,3921,2,64,1,0.9365,0.058,0.0168,0.3015,0.001024,0,0,""
197,3941,2,64,1,0.5194,0.0453,0.0157,0.3147,0.001024,0,0,""
198,3961,2,64,1,0.5244,0.0483,0.0162,0.334,0.001888,0.0001,1e+07,""
199,3981,2,64,1,0.6231,0.0615,0.0193,0.3361,0.001888,0,0,""
200,4001,2,64,1,0.6121,0.0201,0.0083,0.1664,0.001888,0,0,""
201,4021,2,64,1,0.3903,0.0173,0.0064,0.1419,0.001024,0.0001,1e+07,""
202,4041,2,64,1,0.6266,0.0534,0.0162,0.2716,0.001024,0,0,""
203,4061,2,64,1,0.4181,0.022,0.0078,0.1639,0.001024,0,0,""
204,4081,2,64,1,0.6085,0.0222,0.0075,0.1667,0.00176,0,0,""
205,4101,2,64,1,0.6081,0.0529,0.0182,0.3222,0.00176,0,0,""
206,4121,2,64,1,0.4265,0.0203,0.0075,0.158,0.00176,0,0,""
207,4141,2,64,1,0.4031,0.0174,0.0066,0.144,0.002048,0,0,""
208,4161,2,64,1,0.8021,0.0516,0.0159,0.2794,0.002048,0.0001,1e+07,""
209,4181,2,64,1,0.4384,0.0211,0.008,0.1609,0.002048,0,0,""
210,4201,2,64,1,0,0,0,4407,985,985,1000,50068,90543,49723,1.64094e+06,-253,0.4319,0.0341,0.0114,0.197,0.002816,0,0,""
211,4221,2,64,1,0.6056,0.0511,0.0179,0.288,0.002816,0,0,""
212,4241,2,64,1,0.67,0.0315,0.0108,0.2205,0.002816,0,0,""
213,4261,2,64,1,0.496,0.0381,0.0126,0.2426,0.001888,0,0,""
214,4281,2,64,1,0.5499,0.0571,0.0172,0.3369,0.001888,0,0,""
215,4301,2,64,1,0.6219,0.0379,0.0142,0.2435,0.001888,0,0,""
216,4321,2,64,1,0.6533,0.0253,0.0091,0.1876,0.002048,0,0,""
217,4341,2,64,1,0.6256,0.0611,0.0198,0.3214,0.002048,0,0,""
218,4361,2,64,1,0.4353,0.0208,0.0082,0.1627,0.002048,0,0,""
219,4381,2,64,1,0.4029,0.0193,0.0073,0.1545,0.002048,0.0001,1e+07,""
220,4401,2,64,1,0.8242,0.0549,0.0173,0.2782,0.002048,0,0,""
221,4421,2,64,1,0.448,0.0239,0.0085,0.1812,0.002048,0,0,""
222,4441,2,64,1,0.4188,0.0185,0.0067,0.1515,0.001952,0,0,""
223,4461,2,64,1,0.524,0.0503,0.0149,0.2857,0.001952,0.0001,1e+07,""
224,4481,2,64,1,0.6599,0.0243,0.009,0.1801,0.001952,0.0001,1e+07,""
225,4501,2,64,1,0.4205,0.0204,0.0071,0.1563,0.002048,0,0,""
226,4521,2,64,1,0.6142,0.0615,0.0245,0.2883,0.002048,0,0,""
227,4541,2,64,1,0.4389,0.0231,0.0083,0.1658,0.002048,0,0,""
228,4561,2,64,1,0.71,0.033,0.0118,0.2204,0.002048,0,0,""
229,4581,2,64,1,0.5412,0.0525,0.0156,0.2727,0.002048,0.0001,1e+07,""
230,4601,2,64,1,0.4261,0.0221,0.0077,0.1617,0.002048,0,0,""
231,4621,2,64,1,0.4273,0.0188,0.0067,0.1495,0.002048,0,0,""
232,4641,2,64,1,0.8384,0.0542,0.0156,0.2708,0.002048,0,0,""
233,4661,2,64,1,0.4534,0.0238,0.0089,0.1771,0.002048,0,0,""
234,4681,2,64,1,0.4086,0.0179,0.0067,0.1493,0.001984,0,0,""
235,4701,2,64,1,0.6219,0.0593,0.0188,0.3321,0.001984,0,0,""
236,4721,2,64,1,0.686,0.0265,0.0152,0.1782,0.001984,0,0,""
237,4741,2,64,1,0.4297,0.0191,0.0069,0.1533,0.002048,0.0001,1e+07,""
238,4761,2,64,1,0.6721,0.061,0.0192,0.3517,0.002048,0.0001,1e+07,""
239,4781,2,64,1,0.5182,0.0256,0.01,0.212,0.002048,0,0,""
240,4801,2,64,1,0,0,0,4302,968,968,1000,50246,88941,49735,1.61116e+06,-82,0.6745,0.0473,0.0143,0.2455,0.001792,0.0001,1e+07,""
241,4821,2,64,1,0.577,0.0501,0.0172,0.2572,0.001792,0,0,""
242,4841,2,64,1,0.4719,0.0217,0.0075,0.1638,0.001792,0,0,""
243,4861,2,64,1,0.6753,0.0201,0.0075,0.1583,0.002048,0,0,""
244,4881,2,64,1,0.9885,0.0534,0.0153,0.2686,0.002048,0,0,""
245,4901,2,64,1,0.4676,0.0247,0.0085,0.1879,0.002048,0,0,""
246,4921,2,64,1,0.4711,0.0217,0.0074,0.1593,0.002048,0,0,""
247,4941,2,64,1,0.6907,0.0695,0.0247,0.3127,0.002048,0,0,""
248,4961,2,64,1,0.7753,0.0227,0.0086,0.1969,0.002048,0,0,""
249,4981,2,64,1,0.4704,0.0189,0.0071,0.155,0.002048,0,0,""
250,5001,2,64,1,0.6679,0.0626,0.0195,0.3381,0.002048,0,0,""
251,5021,2,64,1,0.4835,0.0236,0.0092,0.1781,0.002048,0,0,""
252,5041,2,64,1,0.75,0.0214,0.0078,0.1617,0.001952,0,0,""
253,5061,2,64,1,0.6688,0.0584,0.0194,0.414,0.001952,0,0,""
254,5081,2,64,1,0.5283,0.0292,0.0106,0.189,0.001952,0,0,""
255,5101,2,64,1,0.5105,0.0244,0.0085,0.1782,0.002048,0,0,""
256,5121,2,64,1,0.9501,0.0536,0.0156,0.258,0.002048,0,0,""
257,5141,2,64,1,0.4693,0.0234,0.0082,0.1728,0.002048,0,0,""
258,5161,2,64,1,0.4247,0.0196,0.0068,0.1536,0.002048,0.0001,1e+07,""
259,5181,2,64,1,0.6852,0.0595,0.0191,0.3209,0.002048,0.0001,1e+07,""
260,5201,2,64,1,0.7976,0.0272,0.0104,0.1926,0.002048,0,0,""
261,5221,2,64,1,0.4351,0.0191,0.0074,0.1546,0.00192,0.0001,1e+07,""
262,5241,2,64,1,0.7051,0.0536,0.0154,0.2789,0.00192,0.0001,1e+07,""
263,5261,2,64,1,0.498,0.0262,0.0094,0.1996,0.00192,0,0,""
264,5281,2,64,1,0.8095,0.0221,0.0078,0.1862,0.001984,0,0,""
265,5301,2,64,1,0.7107,0.0586,0.0195,0.2983,0.001984,0,0,""
266,5321,2,64,1,0.4677,0.0235,0.0077,0.1676,0.001984,0,0,""
267,5341,2,64,1,0.438,0.0199,0.0068,0.1548,0.002048,0.0001,1e+07,""
268,5361,2,64,1,1.1008,0.0666,0.0156,0.2843,0.002048,0,0,""
269,5381,2,64,1,0.4854,0.0237,0.0082,0.169,0.002048,0,0,""
270,5401,2,64,1,0,0,0,4376,982,982,1000,50253,87330,49638,1.61392e+06,-133,0.4862,0.0507,0.0152,0.2697,0.002048,0,0,""
271,5421,2,64,1,0.6687,0.0491,0.0166,0.3002,0.002048,0,0,""
272,5441,2,64,1,0.8003,0.0252,0.0093,0.1937,0.002048,0,0,""
273,5461,2,64,1,0.4987,0.0249,0.009,0.1888,0.001024,0,0,""
274,5481,2,64,1,0.6792,0.0508,0.0157,0.2716,0.001024,0,0,""
275,5501,2,64,1,0.4926,0.0214,0.0082,0.158,0.001024,0.0001,1e+07,""
276,5521,2,64,1,0.789,0.0201,0.0074,0.1471,0.002016,0.0001,1e+07,""
277,5541,2,64,1,0.6609,0.0631,0.0186,0.2666,0.002016,0,0,""
278,5561,2,64,1,0.4867,0.0224,0.0088,0.1586,0.002016,0,0,""
279,5581,2,64,1,0.6088,0.0291,0.0116,0.2312,0.002016,0,0,""
280,5601,2,64,1,1.0254,0.055,0.0152,0.2722,0.002016,0,0,""
281,5621,2,64,1,0.4933,0.0228,0.0084,0.1646,0.002016,0,0,""
282,5641,2,64,1,0.4518,0.0188,0.0071,0.1448,0.002048,0,0,""
283,5661,2,64,1,0.6789,0.0595,0.0187,0.3204,0.002048,0.0001,1e+07,""
284,5681,2,64,1,0.8585,0.0246,0.0099,0.1699,0.002048,0,0,""
285,5701,2,64,1,0.4344,0.0189,0.0069,0.1409,0.002048,0.0001,1e+07,""
286,5721,2,64,1,0.6536,0.0536,0.0158,0.2848,0.002048,0,0,""
287,5741,2,64,1,0.4955,0.0235,0.0087,0.1653,0.002048,0,0,""
288,5761,2,64,1,0.879,0.0216,0.0078,0.1612,0.002048,0,0,""
289,5781,2,64,1,0.7657,0.0666,0.0229,0.3785,0.002048,0,0,""
290,5801,2,64,1,0.5111,0.0357,0.0115,0.2144,0.002048,0.0001,1e+07,""
291,5821,2,64,1,0.5239,0.0319,0.0104,0.1893,0.002048,0,0,""
292,5841,2,64,1,1.0282,0.0519,0.0156,0.2691,0.002048,0,0,""
293,5861,2,64,1,0.488,0.0232,0.0087,0.1668,0.002048,0,0,""
294,5881,2,64,1,0.457,0.0198,0.0072,0.149,0.002048,0,0,""
295,5901,2,64,1,0.6636,0.0588,0.0158,0.2729,0.002048,0,0,""
296,5921,2,64,1,0.8182,0.0221,0.0082,0.1616,0.002048,0,0,""
297,5941,2,64,1,0.451,0.0183,0.0066,0.1404,0.002048,0,0,""
298,5961,2,64,1,0.7234,0.0574,0.0163,0.2994,0.002048,0,0,""
299,5981,2,64,1,0.542,0.0342,0.0111,0.199,0.002048,0.0001,1e+07,""
300,6001,2,64,1,0,0,0,4290,954,954,1000,50598,85621,49559,1.74499e+06,-29,0.8484,0.0582,0.0149,0.3044,0.001888,0.0001,1e+07,""
301,6021,2,64,1,0.5171,0.03,0.0114,0.2029,0.001888,0,0,""
302,6041,2,64,1,0.4467,0.019,0.0073,0.1426,0.001888,0,0,""
303,6061,2,64,1,0.4457,0.0176,0.0062,0.1323,0.001824,0,0,""
304,6081,2,64,1,1.0605,0.0502,0.0156,0.255,0.001824,0,0,""
305,6101,2,64,1,0.6025,0.0382,0.0147,0.201,0.001824,0,0,""
306,6121,2,64,1,0.4324,0.0193,0.0073,0.1452,0.002016,0,0,""
307,6141,2,64,1,0.693,0.0576,0.0184,0.3212,0.002016,0,0,""
308,6161,2,64,1,0.8815,0.023,0.0089,0.1748,0.002016,0.0001,1e+07,""
309,6181,2,64,1,0.498,0.0199,0.008,0.1538,0.002944,0.0001,1e+07,""
310,6201,2,64,1,0.7266,0.0488,0.0147,0.2549,0.002944,0.0001,1e+07,""
311,6221,2,64,1,0.4716,0.0206,0.0077,0.1578,0.002944,0,0,""
312,6241,2,64,1,0.8403,0.0195,0.0067,0.1564,0.002048,0.0001,1e+07,""
313,6261,2,64,1,0.6832,0.0602,0.0219,0.3556,0.002048,0,0,""
314,6281,2,64,1,0.4776,0.0211,0.0079,0.1604,0.002048,0,0,""
315,6301,2,64,1,0.4348,0.0184,0.0065,0.1361,0.001024,0,0,""
316,6321,2,64,1,1.0681,0.0562,0.015,0.2597,0.001024,0,0,""
317,6341,2,64,1,0.4868,0.0217,0.0082,0.1541,0.001024,0.0001,1e+07,""
318,6361,2,64,1,0.4355,0.0189,0.0065,0.1352,0.002048,0,0,""
319,6381,2,64,1,0.7069,0.0584,0.0236,0.3037,0.002048,0.0001,1e+07,""
320,6401,2,64,1,0.9184,0.0283,0.0095,0.1803,0.002048,0,0,""
321,6421,2,64,1,0.4458,0.0204,0.0074,0.1471,0.002048,0,0,""
322,6441,2,64,1,0.6684,0.0485,0.0148,0.2549,0.002048,0,0,""
323,6461,2,64,1,0.5083,0.0235,0.008,0.1792,0.002048,0,0,""
324,6481,2,64,1,0.8794,0.0206,0.0071,0.1533,0.002048,0,0,""
325,6501,2,64,1,0.702,0.0569,0.0183,0.301,0.002048,0.0001,1e+07,""
326,6521,2,64,1,0.5216,0.0218,0.0074,0.1671,0.002048,0,0,""
327,6541,2,64,1,0.4487,0.0184,0.0065,0.1484,0.002048,0,0,""
328,6561,2,64,1,1.1007,0.0525,0.0155,0.283,0.002048,0.0001,1e+07,""
329,6581,2,64,1,0.4935,0.0225,0.0087,0.1647,0.002048,0,0,""
330,6601,2,64,1,0,0,0,4269,949,949,1000,50462,83850,49563,1.77686e+06,-278,0.5051,0.0541,0.0151,0.2731,0.002048,0,0,""
331,6621,2,64,1,0.4822,0.0237,0.0086,0.171,0.002048,0,0,""
332,6641,2,64,1,0.8912,0.0211,0.0075,0.168,0.002048,0,0,""
333,6661,2,64,1,0.4368,0.0185,0.0071,0.1397,0.002016,0.0001,1e+07,""
334,6681,2,64,1,0.6621,0.0457,0.0143,0.2426,0.002016,0,0,""
335,6701,2,64,1,0.4819,0.0193,0.0071,0.1441,0.002016,0,0,""
336,6721,2,64,1,0.8174,0.0187,0.0069,0.1382,0.002048,0,0,""
337,6741,2,64,1,0.6299,0.0481,0.0141,0.2531,0.002048,0,0,""
338,6761,2,64,1,0.4717,0.0206,0.0073,0.1561,0.002048,0,0,""
339,6781,2,64,1,0.4517,0.0179,0.0064,0.1334,0.002048,0.0001,1e+07,""
340,6801,2,64,1,1.0791,0.0536,0.0155,0.2711,0.002048,0.0001,1e+07,""
341,6821,2,64,1,0.5019,0.0222,0.0075,0.1577,0.002048,0,0,""
342,6841,2,64,1,0.4507,0.0173,0.0065,0.1343,0.001024,0.0001,1e+07,""
343,6861,2,64,1,0.6839,0.0604,0.0188,0.3212,0.001024,0,0,""
344,6881,2,64,1,0.8691,0.0215,0.0084,0.1843,0.001024,0,0,""
345,6901,2,64,1,0.4451,0.0191,0.007,0.1429,0.00176,0,0,""
346,6921,2,64,1,0.6944,0.0621,0.0175,0.3126,0.00176,0,0,""
347,6941,2,64,1,0.528,0.0375,0.011,0.2048,0.00176,0.0001,1e+07,""
348,6961,2,64,1,0.9072,0.0322,0.0113,0.188,0.002048,0,0,""
349,6981,2,64,1,0.68,0.061,0.0192,0.3172,0.002048,0,0,""
350,7001,2,64,1,0.4692,0.0214,0.0076,0.16,0.002048,0,0,""
351,7021,2,64,1,0.4541,0.0192,0.007,0.1408,0.00176,0,0,""
352,7041,2,64,1,1.0769,0.0527,0.0152,0.2704,0.00176,0,0,""
353,7061,2,64,1,0.5254,0.0218,0.008,0.1563,0.00176,0,0,""
354,7081,2,64,1,0.6011,0.0299,0.0117,0.2231,0.001024,0.0001,1e+07,""
355,7101,2,64,1,0.739,0.0585,0.0183,0.2764,0.001024,0.0001,1e+07,""
356,7121,2,64,1,0.916,0.0223,0.0084,0.1628,0.001024,0,0,""
357,7141,2,64,1,0.4662,0.0177,0.007,0.1361,0.001984,0,0,""
358,7161,2,64,1,0.7422,0.0565,0.016,0.2941,0.001984,0,0,""
359,7181,2,64,1,0.5056,0.0215,0.0084,0.1955,0.001984,0,0,""
360,7201,2,64,1,0,0,0,4160,950,950,1000,50553,82012,49558,1.84046e+06,-213,0.9454,0.0545,0.0151,0.2902,0.00192,0,0,""
361,7221,2,64,1,0.5181,0.0243,0.0086,0.1987,0.001024,0,0,""
362,7241,2,64,1,0.464,0.0197,0.0072,0.1545,0.001024,0,0,""
363,7261,2,64,1,0.4353,0.0172,0.0066,0.1378,0.001024,0,0,""
364,7281,2,64,1,1.1796,0.0463,0.0145,0.2493,0.001024,0,0,""
365,7301,2,64,1,0.4669,0.0215,0.0076,0.1549,0.001024,0,0,""
366,7321,2,64,1,0.4428,0.0173,0.0066,0.1332,0.002048,0,0,""
367,7341,2,64,1,0.7184,0.0589,0.019,0.2847,0.002048,0,0,""
368,7361,2,64,1,0.8794,0.0228,0.0088,0.1595,0.002048,0,0,""
369,7381,2,64,1,0.4668,0.0178,0.0065,0.1418,0.001888,0,0,""
370,7401,2,64,1,0.6883,0.0537,0.017,0.2771,0.001888,0,0,""
371,7421,2,64,1,0.5028,0.0211,0.0077,0.1566,0.001888,0.0001,1e+07,""
372,7441,2,64,1,0.8779,0.019,0.0067,0.1395,0.002048,0,0,""
373,7461,2,64,1,0.7234,0.0598,0.0202,0.2919,0.002048,0.0001,1e+07,""
374,7481,2,64,1,0.5093,0.0215,0.0082,0.1608,0.002048,0,0,""
375,7501,2,64,1,0.4509,0.0182,0.0064,0.1362,0.002048,0.0001,1e+07,""
376,7521,2,64,1,1.0528,0.0538,0.016,0.2784,0.002048,0,0,""
377,7541,2,64,1,0.5165,0.023,0.0085,0.1655,0.002048,0,0,""
378,7561,2,64,1,0.4558,0.0186,0.0071,0.1391,0.002048,0,0,""
379,7581,2,64,1,0.6997,0.0563,0.0186,0.275,0.002048,0,0,""
380,7601,2,64,1,0.9471,0.0254,0.0089,0.1754,0.002048,0.0001,1e+07,""
381,7621,2,64,1,0.4611,0.0199,0.0075,0.1484,0.002048,0,0,""
382,7641,2,64,1,0.6944,0.0513,0.0154,0.2648,0.002048,0,0,""
383,7661,2,64,1,0.5021,0.0225,0.008,0.1619,0.002048,0,0,""
384,7681,2,64,1,0.9224,0.0242,0.0081,0.1619,0.00192,0.0001,1e+07,""
385,7701,2,64,1,0.6674,0.059,0.0186,0.3245,0.00192,0,0,""
386,7721,2,64,1,0.4819,0.0203,0.0074,0.1552,0.00192,0,0,""
387,7741,2,64,1,0.4619,0.0178,0.0066,0.1346,0.002048,0.0001,1e+07,""
388,7761,2,64,1,1.1395,0.0524,0.0151,0.2863,0.002048,0.0001,1e+07,""
389,7781,2,64,1,0.5061,0.0223,0.0085,0.164,0.002048,0.0001,1e+07,""
390,7801,2,64,1,0,0,0,4164,959,959,1000,50458,80139,49561,1.87529e+06,-308,0.533,0.0516,0.0145,0.2929,0.001024,0,0,""
391,7821,2,64,1,0.515,0.0221,0.0082,0.1889,0.002048,0,0,""
392,7841,2,64,1,0.9002,0.027,0.0074,0.1599,0.001024,0.0001,1e+07,""
393,7861,2,64,1,0.4869,0.0179,0.0063,0.1403,0.002048,0.0001,1e+07,""
394,7881,2,64,1,0.621,0.0239,0.0081,0.1695,0.002048,0,0,""
395,7901,2,64,1,0.4595,0.0179,0.0067,0.1508,0.002048,0,0,""
396,7921,2,64,1,0.9196,0.0214,0.0076,0.1532,0.001952,0.0001,1e+07,""
397,7941,2,64,1,0.7336,0.0569,0.0163,0.3037,0.001952,0,0,""
398,7961,2,64,1,0.5225,0.0299,0.0112,0.2073,0.001952,0,0,""
399,7981,2,64,1,0.661,0.0416,0.0136,0.234,0.002048,0.0001,1e+07,""
400,8001,2,64,1,1.1088,0.0509,0.0157,0.2698,0.002048,0.0001,1e+07,""
401,8021,2,64,1,0.4782,0.0234,0.0088,0.1651,0.002048,0.0001,1e+07,""
402,8041,2,64,1,0.4455,0.0186,0.007,0.1402,0.002048,0,0,""
403,8061,2,64,1,0.7108,0.0604,0.0186,0.2922,0.002048,0,0,""
404,8081,2,64,1,0.9228,0.0223,0.0087,0.1621,0.002048,0,0,""
405,8101,2,64,1,0.4283,0.017,0.0064,0.1352,0.001888,0,0,""
406,8121,2,64,1,0.6938,0.0578,0.0184,0.312,0.001888,0,0,""
407,8141,2,64,1,0.4927,0.0209,0.0078,0.1944,0.001888,0,0,""
408,8161,2,64,1,0.9857,0.022,0.0078,0.1555,0.002048,0,0,""
409,8181,2,64,1,0.7188,0.0568,0.0173,0.326,0.002048,0,0,""
410,8201,2,64,1,0.5291,0.0202,0.0079,0.1649,0.002048,0.0001,1e+07,""
411,8221,2,64,1,0.4372,0.0171,0.0065,0.1332,0.002048,0,0,""
412,8241,2,64,1,1.0901,0.0512,0.0149,0.2673,0.002048,0,0,""
413,8261,2,64,1,0.4979,0.0206,0.0078,0.1534,0.002048,0,0,""
414,8281,2,64,1,0.4556,0.0182,0.0063,0.1402,0.002048,0,0,""
415,8301,2,64,1,0.7352,0.0617,0.0159,0.2699,0.002048,0.0001,1e+07,""
416,8321,2,64,1,0.936,0.0225,0.0088,0.1595,0.002048,0.0001,1e+07,""
417,8341,2,64,1,0.5123,0.0189,0.007,0.1353,0.002048,0,0,""
418,8361,2,64,1,0.6845,0.0655,0.0185,0.3159,0.002048,0,0,""
419,8381,2,64,1,0.5011,0.0204,0.0079,0.16,0.002048,0,0,""
420,8401,2,64,1,0,0,0,4211,969,969,1000,50523,78236,49295,1.92244e+06,-179,1.0039,0.0543,0.0151,0.2889,0.002016,0,0,""
421,8421,2,64,1,0.4912,0.0278,0.0082,0.1826,0.001024,0,0,""
422,8441,2,64,1,0.5009,0.0223,0.0072,0.1769,0.002016,0,0,""
423,8461,2,64,1,0.4405,0.0195,0.0108,0.1745,0.001024,0,0,""
424,8481,2,64,1,1.0573,0.021,0.0076,0.1558,0.001024,0,0,""
425,8501,2,64,1,0.5076,0.0184,0.0065,0.1394,0.001024,0,0,""
426,8521,2,64,1,0.4495,0.0162,0.0064,0.1294,0.002048,0,0,""
427,8541,2,64,1,0.7003,0.0557,0.0155,0.2715,0.002048,0,0,""
428,8561,2,64,1,1.0012,0.0238,0.0082,0.1659,0.002048,0,0,""
429,8581,2,64,1,0.4493,0.0177,0.0067,0.1362,0.001024,0,0,""
430,8601,2,64,1,0.6729,0.0554,0.0182,0.3618,0.001024,0.0001,1e+07,""
431,8621,2,64,1,0.5443,0.0238,0.009,0.1673,0.001024,0.0001,1e+07,""
432,8641,2,64,1,0.9459,0.0191,0.007,0.138,0.002048,0,0,""
433,8661,2,64,1,0.6867,0.0591,0.0184,0.3153,0.002048,0,0,""
434,8681,2,64,1,0.5738,0.0209,0.0079,0.1574,0.002048,0,0,""
435,8701,2,64,1,0.5164,0.0184,0.0065,0.1338,0.002048,0.0001,1e+07,""
436,8721,2,64,1,1.1872,0.0508,0.0161,0.2837,0.002048,0.0001,1e+07,""
437,8741,2,64,1,0.5384,0.0209,0.0077,0.1526,0.002048,0,0,""
438,8761,2,64,1,0.4863,0.0176,0.0066,0.1391,0.002048,0,0,""
439,8781,2,64,1,0.6194,0.0532,0.0163,0.2646,0.002048,0,0,""
440,8801,2,64,1,0.9832,0.0217,0.0081,0.1632,0.002048,0.0001,1e+07,""
441,8821,2,64,1,0.5021,0.0184,0.0065,0.1349,0.002816,0.0001,1e+07,""
442,8841,2,64,1,0.6796,0.0592,0.0187,0.3037,0.002816,0.0001,1e+07,""
443,8861,2,64,1,0.4999,0.0204,0.0073,0.1516,0.002816,0.0001,1e+07,""
444,8881,2,64,1,0.9948,0.0188,0.0065,0.1446,0.001024,0.0001,1e+07,""
445,8901,2,64,1,0.6592,0.0569,0.0181,0.3155,0.001024,0,0,""
446,8921,2,64,1,0.5538,0.0254,0.0088,0.1916,0.001024,0,0,""
447,8941,2,64,1,0.5192,0.0357,0.0116,0.2054,0.002048,0.0001,1e+07,""
448,8961,2,64,1,1.1149,0.0535,0.015,0.2709,0.002048,0,0,""
449,8981,2,64,1,0.5,0.0235,0.009,0.1661,0.002048,0,0,""
450,9001,2,64,1,0,0,0,4222,962,962,1000,50435,76280,49158,1.9622e+06,-304,0.5194,0.062,0.0174,0.323,0.001024,0,0,""
451,9021,2,64,1,0.5371,0.0224,0.0082,0.1733,0.001024,0,0,""
452,9041,2,64,1,0.9855,0.022,0.008,0.1601,0.001024,0,0,""
453,9061,2,64,1,0.4623,0.0185,0.0066,0.142,0.002016,0,0,""
454,9081,2,64,1,0.5074,0.0202,0.0074,0.1517,0.002016,0,0,""
455,9101,2,64,1,0.4614,0.0168,0.0063,0.1351,0.002016,0,0,""
456,9121,2,64,1,0.9112,0.0174,0.0067,0.1334,0.002048,0,0,""
457,9141,2,64,1,0.7027,0.0593,0.0181,0.3014,0.002048,0.0001,1e+07,""
458,9161,2,64,1,0.5058,0.0209,0.0077,0.1552,0.002048,0.0001,1e+07,""
459,9181,2,64,1,0.4702,0.0179,0.0064,0.136,0.002048,0,0,""
460,9201,2,64,1,1.1654,0.0543,0.0155,0.2881,0.002048,0,0,""
461,9221,2,64,1,0.5482,0.0251,0.0084,0.1732,0.002048,0,0,""
462,9241,2,64,1,0.4812,0.0202,0.0073,0.1485,0.001888,0,0,""
463,9261,2,64,1,0.7438,0.053,0.0159,0.2801,0.001888,0,0,""
464,9281,2,64,1,1.0233,0.0327,0.0115,0.2048,0.001888,0,0,""
465,9301,2,64,1,0.5061,0.0235,0.0082,0.3257,0.002048,0,0,""
466,9321,2,64,1,0.6257,0.0547,0.016,0.3022,0.002048,0,0,""
467,9341,2,64,1,0.5668,0.033,0.0115,0.2046,0.002048,0,0,""
468,9361,2,64,1,1.1321,0.0496,0.0133,0.2531,0.002048,0.0001,1e+07,""
469,9381,2,64,1,0.7342,0.0577,0.0163,0.2942,0.002048,0.0001,1e+07,""
470,9401,2,64,1,0.5668,0.0387,0.0138,0.2262,0.002048,0.0001,1e+07,""
471,9421,2,64,1,0.6226,0.0506,0.0135,0.2588,0.002048,0,0,""
472,9441,2,64,1,1.0858,0.0553,0.0154,0.2796,0.002048,0,0,""
473,9461,2,64,1,0.6447,0.0382,0.0145,0.2755,0.002048,0,0,""
474,9481,2,64,1,0.7091,0.0397,0.0117,0.2138,0.002048,0.0001,1e+07,""
475,9501,2,64,1,0.6879,0.0532,0.0169,0.2739,0.002048,0,0,""
476,9521,2,64,1,1.1171,0.0393,0.0144,0.2031,0.002048,0,0,""
477,9541,2,64,1,0.5889,0.0257,0.0097,0.2059,0.00192,0,0,""
478,9561,2,64,1,0.5782,0.051,0.0157,0.2654,0.00192,0,0,""
479,9581,2,64,1,0.6807,0.0369,0.0129,0.2225,0.00192,0,0,""
480,9601,2,64,1,0,0,0,4148,959,959,1000,50417,74293,49066,1.9897e+06,-321,1.0286,0.0559,0.0157,0.3022,0.00192,0,0,""
481,9621,2,64,1,0.645,0.0392,0.0145,0.311,0.002048,0,0,""
482,9641,2,64,1,0.469,0.0218,0.0079,0.1668,0.00192,0,0,""
483,9661,2,64,1,0.4946,0.02,0.0073,0.1568,0.002048,0,0,""
484,9681,2,64,1,1.1135,0.0194,0.0078,0.1561,0.002048,0,0,""
485,9701,2,64,1,0.6082,0.0182,0.007,0.1781,0.002048,0,0,""
486,9721,2,64,1,0.5071,0.0225,0.008,0.1758,0.001024,0.0001,1e+07,""
487,9741,2,64,1,0.6849,0.0509,0.0153,0.2548,0.001024,0,0,""
488,9761,2,64,1,0.9904,0.0215,0.0083,0.1592,0.001024,0,0,""
489,9781,2,64,1,0.4588,0.0173,0.0063,0.1323,0.002048,0,0,""
490,9801,2,64,1,0.6508,0.0596,0.0144,0.263,0.002048,0,0,""
491,9821,2,64,1,0.4779,0.0198,0.0072,0.1527,0.002048,0,0,""
492,9841,2,64,1,1.0035,0.0179,0.0068,0.1399,0.001952,0,0,""
493,9861,2,64,1,0.7166,0.0567,0.0158,0.2858,0.001952,0,0,""
494,9881,2,64,1,0.5478,0.0318,0.0111,0.1972,0.001952,0,0,""
495,9901,2,64,1,0.5025,0.0257,0.0098,0.1746,0.002048,0,0,""
496,9921,2,64,1,1.2164,0.0533,0.0157,0.2773,0.002048,0,0,""
497,9941,2,64,1,0.6109,0.0286,0.0099,0.1841,0.002048,0,0,""
498,9961,2,64,1,0.492,0.0271,0.0096,0.1768,0.002048,0,0,""
499,9981,2,64,1,0.7245,0.058,0.0183,0.3174,0.002048,0,0,""
500,10001,2,64,1,1.0262,0.0242,0.009,0.2203,0.002048,0,0,""
501,10021,2,64,1,0.4707,0.0188,0.0067,0.1362,0.001888,0.0001,1e+07,""
502,10041,2,64,1,0.6095,0.053,0.0154,0.2856,0.001888,0.0001,1e+07,""
503,10061,2,64,1,0.5055,0.0245,0.0092,0.1728,0.001888,0.0001,1e+07,""
504,10081,2,64,1,1.0389,0.0309,0.0087,0.2005,0.002048,0.0001,1e+07,""
505,10101,2,64,1,0.7179,0.049,0.0153,0.2495,0.002048,0,0,""
506,10121,2,64,1,0.5018,0.0238,0.009,0.1672,0.002048,0,0,""
507,10141,2,64,1,0.4558,0.019,0.0126,0.1413,0.002048,0,0,""
508,10161,2,64,1,1.1707,0.054,0.0155,0.2692,0.002048,0.0001,1e+07,""
509,10181,2,64,1,0.4953,0.0234,0.0084,0.1687,0.002048,0,0,""
510,10201,2,64,1,0,0,0,4096,961,961,1000,50378,72274,49082,2.01931e+06,-387,0.5257,0.056,0.0156,0.3503,0.002048,0,0,""
511,10221,2,64,1,0.6679,0.0368,0.0141,0.3086,0.001984,0,0,""
512,10241,2,64,1,1.0268,0.024,0.0086,0.179,0.001024,0,0,""
513,10261,2,64,1,0.4731,0.0201,0.0075,0.1553,0.001024,0,0,""
514,10281,2,64,1,0.5232,0.0168,0.0067,0.1446,0.001024,0,0,""
515,10301,2,64,1,0.4706,0.0164,0.0065,0.1413,0.001024,0,0,""
516,10321,2,64,1,0.9908,0.0171,0.0069,0.1355,0.002048,0.0001,1e+07,""
517,10341,2,64,1,0.693,0.0477,0.0144,0.2486,0.002048,0,0,""
518,10361,2,64,1,0.5225,0.0259,0.009,0.1804,0.002048,0,0,""
519,10381,2,64,1,0.4764,0.018,0.0071,0.1434,0.002048,0,0,""
520,10401,2,64,1,1.234,0.0521,0.0152,0.2583,0.002048,0,0,""
521,10421,2,64,1,0.6683,0.0244,0.0089,0.1687,0.002048,0,0,""
522,10441,2,64,1,0.4713,0.0199,0.007,0.167,0.001952,0,0,""
523,10461,2,64,1,0.6114,0.0523,0.0151,0.2718,0.001952,0,0,""
524,10481,2,64,1,1.0942,0.0256,0.0095,0.1776,0.001952,0.0001,1e+07,""
525,10501,2,64,1,0.593,0.0294,0.0125,0.2632,0.002048,0.0001,1e+07,""
526,10521,2,64,1,0.7061,0.052,0.0168,0.2819,0.002048,0,0,""
527,10541,2,64,1,0.65,0.0354,0.0133,0.257,0.002048,0,0,""
528,10561,2,64,1,1.4297,0.0263,0.0095,0.257,0.001984,0.0001,1e+07,""
529,10581,2,64,1,0.6888,0.061,0.0193,0.2725,0.001984,0.0001,1e+07,""
530,10601,2,64,1,0.4914,0.0236,0.0088,0.1646,0.001984,0.0001,1e+07,""
531,10621,2,64,1,0.4872,0.024,0.007,0.1404,0.001024,0.0001,1e+07,""
532,10641,2,64,1,1.2335,0.0528,0.0155,0.2732,0.001024,0,0,""
533,10661,2,64,1,0.6381,0.0332,0.0131,0.1829,0.001024,0,0,""
534,10681,2,64,1,0.6131,0.0221,0.0079,0.1828,0.002016,0,0,""
535,10701,2,64,1,0.5825,0.0506,0.0152,0.2553,0.002016,0,0,""
536,10721,2,64,1,1.1375,0.026,0.0098,0.1764,0.002016,0,0,""
537,10741,2,64,1,0.5955,0.0291,0.0122,0.2731,0.002048,0,0,""
538,10761,2,64,1,0.686,0.0506,0.0164,0.2661,0.002048,0,0,""
539,10781,2,64,1,0.4966,0.0314,0.0125,0.2355,0.002048,0,0,""
540,10801,2,64,1,0,0,0,4155,957,957,1000,50337,70245,48940,2.03391e+06,-360,1.0693,0.0551,0.0156,0.3337,0.001792,0.0001,1e+07,""
541,10821,2,64,1,0.5335,0.0297,0.0107,0.2074,0.001024,0,0,""
542,10841,2,64,1,0.5893,0.0311,0.0123,0.269,0.001024,0.0001,1e+07,""
543,10861,2,64,1,0.6011,0.0297,0.0119,0.1671,0.002048,0,0,""
544,10881,2,64,1,1.0455,0.0221,0.0085,0.1684,0.002048,0.0001,1e+07,""
545,10901,2,64,1,0.4571,0.0186,0.0125,0.1469,0.002048,0.0001,1e+07,""
546,10921,2,64,1,0.4318,0.0172,0.0064,0.135,0.002048,0.0001,1e+07,""
547,10941,2,64,1,0.6732,0.0599,0.0175,0.2598,0.002048,0,0,""
548,10961,2,64,1,1.1302,0.0326,0.0089,0.1751,0.002048,0,0,""
549,10981,2,64,1,0.5814,0.0297,0.0118,0.2855,0.001792,0,0,""
550,11001,2,64,1,0.5814,0.0504,0.0157,0.2547,0.001792,0,0,""
551,11021,2,64,1,0.601,0.0332,0.0132,0.1916,0.001792,0,0,""
552,11041,2,64,1,1.1923,0.0241,0.0082,0.1994,0.001728,0.0001,1e+07,""
553,11061,2,64,1,0.8799,0.0575,0.0182,0.3048,0.001728,0,0,""
554,11081,2,64,1,0.6384,0.0464,0.014,0.2867,0.001728,0.0001,1e+07,""
555,11101,2,64,1,0.6194,0.0317,0.0128,0.2294,0.001024,0.0001,1e+07,""
556,11121,2,64,1,1.2847,0.0507,0.0154,0.2703,0.001024,0,0,""
557,11141,2,64,1,0.5072,0.0213,0.0084,0.1688,0.001024,0,0,""
558,11161,2,64,1,0.5761,0.0292,0.0115,0.2567,0.001024,0,0,""
559,11181,2,64,1,0.7078,0.0516,0.0155,0.2815,0.001024,0,0,""
560,11201,2,64,1,1.1954,0.0349,0.014,0.2118,0.001024,0,0,""
561,11221,2,64,1,0.4732,0.0264,0.0074,0.1894,0.002048,0,0,""
562,11241,2,64,1,0.7732,0.0671,0.0195,0.342,0.002048,0,0,""
563,11261,2,64,1,0.6452,0.0296,0.0101,0.1906,0.002048,0,0,""
564,11281,2,64,1,1.1751,0.0326,0.0124,0.2446,0.002048,0.0001,1e+07,""
565,11301,2,64,1,0.8535,0.0607,0.0185,0.3179,0.002048,0,0,""
566,11321,2,64,1,0.626,0.0348,0.0133,0.2633,0.002048,0.0001,1e+07,""
567,11341,2,64,1,0.5827,0.0321,0.0125,0.2005,0.001952,0,0,""
568,11361,2,64,1,1.1693,0.0499,0.0156,0.2618,0.001952,0,0,""
569,11381,2,64,1,0.5369,0.0323,0.0126,0.2566,0.001952,0.0001,1e+07,""
570,11401,2,64,1,0,0,0,4139,960,960,1000,50257,68173,49068,2.07799e+06,-478,0.5834,0.0592,0.0155,0.328,0.001024,0,0,""
571,11421,2,64,1,0.5364,0.0251,0.0092,0.1993,0.002048,0,0,""
572,11441,2,64,1,1.1881,0.0246,0.0084,0.1781,0.00192,0,0,""
573,11461,2,64,1,0.5956,0.0281,0.0116,0.2009,0.002048,0,0,""
574,11481,2,64,1,0.5942,0.0318,0.0129,0.242,0.002048,0,0,""
575,11501,2,64,1,0.5394,0.0192,0.0073,0.15,0.002048,0.0001,1e+07,""
576,11521,2,64,1,1.1822,0.0308,0.0089,0.2101,0.002048,0,0,""
577,11541,2,64,1,0.6335,0.0591,0.0165,0.2993,0.002048,0,0,""
578,11561,2,64,1,0.5991,0.0475,0.015,0.2557,0.002048,0,0,""
579,11581,2,64,1,0.7119,0.066,0.0242,0.3613,0.00176,0,0,""
580,11601,2,64,1,1.3225,0.0739,0.0219,0.4608,0.00176,0,0,""
581,11621,2,64,1,0.7547,0.0592,0.0208,0.3699,0.00176,0,0,""
582,11641,2,64,1,0.7699,0.0582,0.0191,0.3074,0.002048,0,0,""
583,11661,2,64,1,0.7572,0.0632,0.0196,0.3058,0.002048,0,0,""
584,11681,2,64,1,1.0913,0.0359,0.0131,0.2102,0.002048,0,0,""
585,11701,2,64,1,0.5682,0.0408,0.0145,0.2515,0.001024,0.0001,1e+07,""
586,11721,2,64,1,0.7164,0.0617,0.0179,0.3091,0.001024,0,0,""
587,11741,2,64,1,0.5559,0.0408,0.0142,0.2381,0.001024,0,0,""
588,11761,2,64,1,1.1978,0.0469,0.0148,0.2471,0.001728,0.0001,1e+07,""
589,11781,2,64,1,0.7236,0.0647,0.02,0.3095,0.001728,0.0001,1e+07,""
590,11801,2,64,1,0.5529,0.0327,0.0108,0.2162,0.001728,0.0001,1e+07,""
591,11821,2,64,1,0.5654,0.0361,0.0118,0.2145,0.001984,0,0,""
592,11841,2,64,1,1.1699,0.0551,0.0157,0.2815,0.001984,0,0,""
593,11861,2,64,1,0.5147,0.0274,0.01,0.1791,0.001984,0,0,""
594,11881,2,64,1,0.4762,0.0219,0.007,0.2639,0.002048,0.0001,1e+07,""
595,11901,2,64,1,0.7504,0.0642,0.0196,0.3194,0.002048,0,0,""
596,11921,2,64,1,1.0946,0.0283,0.0094,0.1845,0.002048,0.0001,1e+07,""
597,11941,2,64,1,0.4626,0.0188,0.0068,0.1475,0.002048,0,0,""
598,11961,2,64,1,0.8697,0.0516,0.0154,0.286,0.002048,0,0,""
599,11981,2,64,1,0.4725,0.0208,0.0079,0.1591,0.002048,0,0,""
600,12001,2,64,1,0,0,0,4144,960,960,1000,50157,66079,48980,2.09844e+06,-440,1.1389,0.0544,0.0156,0.3185,0.002048,0,0,""
601,12021,2,64,1,0.6521,0.0384,0.0107,0.2079,0.001024,0,0,""
602,12041,2,64,1,0.4811,0.0226,0.0075,0.1863,0.001024,0,0,""
603,12061,2,64,1,0.4602,0.02,0.007,0.1558,0.001024,0,0,""
604,12081,2,64,1,1.185,0.0189,0.008,0.155,0.001024,0,0,""
605,12101,2,64,1,0.5656,0.0296,0.0113,0.2333,0.001024,0,0,""
606,12121,2,64,1,0.574,0.0316,0.0104,0.1792,0.002048,0.0001,1e+07,""
607,12141,2,64,1,0.6921,0.0534,0.0157,0.2629,0.002048,0,0,""
608,12161,2,64,1,1.2228,0.0254,0.0094,0.1796,0.002048,0,0,""
609,12181,2,64,1,0.4803,0.0204,0.0075,0.1826,0.002048,0.0001,1e+07,""
610,12201,2,64,1,0.5835,0.0513,0.0155,0.2583,0.002048,0,0,""
611,12221,2,64,1,0.514,0.0298,0.0122,0.2182,0.002048,0,0,""
612,12241,2,64,1,1.2519,0.0304,0.0114,0.2002,0.002048,0,0,""
613,12261,2,64,1,0.68,0.0662,0.0161,0.2686,0.002048,0.0001,1e+07,""
614,12281,2,64,1,0.6421,0.0347,0.0137,0.1916,0.002048,0,0,""
615,12301,2,64,1,0.5911,0.0206,0.009,0.1927,0.001024,0.0001,1e+07,""
616,12321,2,64,1,1.2784,0.0613,0.0186,0.3055,0.001024,0,0,""
617,12341,2,64,1,0.6488,0.0267,0.0099,0.181,0.001024,0.0001,1e+07,""
618,12361,2,64,1,0.4809,0.0206,0.0086,0.2392,0.002016,0.0001,1e+07,""
619,12381,2,64,1,0.5997,0.0551,0.0161,0.2699,0.002016,0.0001,1e+07,""
620,12401,2,64,1,1.2775,0.0285,0.0106,0.1855,0.002016,0.0001,1e+07,""
621,12421,2,64,1,0.7065,0.0334,0.0136,0.1963,0.002048,0,0,""
622,12441,2,64,1,0.6676,0.0546,0.0165,0.2892,0.002048,0,0,""
623,12461,2,64,1,0.6069,0.0483,0.0171,0.2987,0.002048,0,0,""
624,12481,2,64,1,1.086,0.0275,0.0098,0.1934,0.002048,0,0,""
625,12501,2,64,1,0.6922,0.059,0.0185,0.3396,0.002048,0,0,""
626,12521,2,64,1,0.5195,0.0327,0.0113,0.1979,0.002048,0,0,""
627,12541,2,64,1,0.5047,0.0227,0.0081,0.2747,0.002048,0,0,""
628,12561,2,64,1,1.314,0.0508,0.0149,0.2844,0.002048,0,0,""
629,12581,2,64,1,0.5523,0.0387,0.0144,0.2407,0.002048,0,0,""
630,12601,2,64,1,0,0,0,4147,960,960,1000,50012,63967,48864,2.11967e+06,-466,0.5606,0.0562,0.0157,0.3255,0.002048,0,0,""
631,12621,2,64,1,0.5997,0.0545,0.0151,0.3308,0.001024,0,0,""
632,12641,2,64,1,1.1323,0.042,0.0202,0.2544,0.002048,0,0,""
633,12661,2,64,1,0.7386,0.0563,0.0165,0.3809,0.002048,0.0001,1e+07,""
634,12681,2,64,1,0.5146,0.0268,0.0109,0.1927,0.001024,0,0,""
635,12701,2,64,1,0.58,0.033,0.011,0.2071,0.001984,0,0,""
636,12721,2,64,1,1.1342,0.0284,0.0101,0.2014,0.001024,0,0,""
637,12741,2,64,1,0.5845,0.0512,0.0157,0.2924,0.001024,0,0,""
638,12761,2,64,1,0.5438,0.0284,0.0092,0.1808,0.001024,0,0,""
639,12781,2,64,1,0.6463,0.0336,0.0137,0.3022,0.002048,0,0,""
640,12801,2,64,1,1.2677,0.0773,0.0181,0.2968,0.002048,0,0,""
641,12821,2,64,1,0.6599,0.0437,0.0149,0.284,0.002048,0.0001,1e+07,""
642,12841,2,64,1,0.517,0.0359,0.0119,0.2152,0.002048,0.0001,1e+07,""
643,12861,2,64,1,0.7494,0.0851,0.0261,0.3791,0.002048,0,0,""
644,12881,2,64,1,1.1995,0.0399,0.0126,0.2298,0.002048,0.0001,1e+07,""
645,12901,2,64,1,0.6487,0.0432,0.0136,0.2383,0.002048,0,0,""
646,12921,2,64,1,0.7502,0.0559,0.0159,0.2817,0.002048,0,0,""
647,12941,2,64,1,0.5307,0.0329,0.0116,0.1985,0.002048,0,0,""
648,12961,2,64,1,1.2396,0.0406,0.0131,0.243,0.001984,0,0,""
649,12981,2,64,1,0.6883,0.0606,0.0192,0.2785,0.001984,0,0,""
650,13001,2,64,1,0.6499,0.0363,0.0121,0.2209,0.001984,0,0,""
651,13021,2,64,1,0.6035,0.0364,0.0153,0.3095,0.002048,0.0001,1e+07,""
652,13041,2,64,1,1.2831,0.0597,0.0153,0.2836,0.002048,0,0,""
653,13061,2,64,1,0.5593,0.0366,0.0121,0.2146,0.002048,0.0001,1e+07,""
654,13081,2,64,1,0.6385,0.0363,0.0129,0.2204,0.002048,0.0001,1e+07,""
655,13101,2,64,1,0.7269,0.0643,0.0197,0.3367,0.002048,0.0001,1e+07,""
656,13121,2,64,1,1.2776,0.0369,0.0138,0.2283,0.002048,0,0,""
657,13141,2,64,1,0.6386,0.0481,0.015,0.2543,0.002048,0,0,""
658,13161,2,64,1,0.5966,0.0582,0.016,0.2751,0.002048,0,0,""
659,13181,2,64,1,0.6269,0.0443,0.0143,0.2593,0.002048,0,0,""
660,13201,2,64,1,0,0,0,4122,959,959,1000,50025,61842,48916,2.12622e+06,-490,1.1712,0.0578,0.0157,0.3269,0.001024,0,0,""
661,13221,2,64,1,0.5422,0.0367,0.0136,0.2429,0.001024,0.0001,1e+07,""
662,13241,2,64,1,0.6082,0.034,0.0116,0.2246,0.001024,0,0,""
663,13261,2,64,1,0.6511,0.0428,0.0128,0.2996,0.001952,0,0,""
664,13281,2,64,1,1.2295,0.0414,0.0322,0.2418,0.001952,0,0,""
665,13301,2,64,1,0.6686,0.042,0.0158,0.2972,0.001952,0,0,""
666,13321,2,64,1,0.5742,0.0473,0.015,0.2397,0.002048,0.0001,1e+07,""
667,13341,2,64,1,0.6857,0.073,0.0187,0.2867,0.002048,0,0,""
668,13361,2,64,1,1.359,0.0476,0.0157,0.283,0.002048,0,0,""
669,13381,2,64,1,0.6342,0.0519,0.0154,0.2483,0.001824,0,0,""
670,13401,2,64,1,0.7031,0.0624,0.0198,0.331,0.001824,0,0,""
671,13421,2,64,1,0.6728,0.0351,0.012,0.2071,0.001824,0,0,""
672,13441,2,64,1,1.3057,0.0484,0.0135,0.2658,0.001888,0,0,""
673,13461,2,64,1,0.8161,0.0662,0.0203,0.3622,0.001888,0.0001,1e+07,""
674,13481,2,64,1,0.6328,0.0294,0.0111,0.203,0.001888,0,0,""
675,13501,2,64,1,0.521,0.0234,0.0092,0.2045,0.002048,0.0001,1e+07,""
676,13521,2,64,1,1.327,0.0534,0.0157,0.2765,0.002048,0,0,""
677,13541,2,64,1,0.5287,0.0295,0.01,0.1892,0.002048,0,0,""
678,13561,2,64,1,0.5475,0.0244,0.0094,0.2096,0.001984,0,0,""
679,13581,2,64,1,0.7319,0.0553,0.0155,0.2686,0.001984,0,0,""
680,13601,2,64,1,1.2698,0.0333,0.0119,0.2021,0.001984,0.0001,1e+07,""
681,13621,2,64,1,0.5229,0.0286,0.0107,0.1937,0.002048,0,0,""
682,13641,2,64,1,0.7302,0.0712,0.0254,0.2817,0.002048,0,0,""
683,13661,2,64,1,0.5418,0.0301,0.0105,0.1925,0.002048,0,0,""
684,13681,2,64,1,1.3054,0.0399,0.0136,0.2524,0.001792,0,0,""
685,13701,2,64,1,0.7137,0.0518,0.0155,0.2643,0.001792,0,0,""
686,13721,2,64,1,0.559,0.0266,0.01,0.1817,0.001792,0,0,""
687,13741,2,64,1,0.5552,0.023,0.0089,0.1721,0.002048,0,0,""
688,13761,2,64,1,1.3845,0.0545,0.0156,0.3004,0.002048,0,0,""
689,13781,2,64,1,0.6343,0.0356,0.0137,0.2576,0.002048,0,0,""
690,13801,2,64,1,0,0,0,4076,962,962,1000,49934,59718,48903,2.12588e+06,-469,0.5562,0.055,0.0154,0.2993,0.001024,0,0,""
691,13821,2,64,1,0.5753,0.039,0.0143,0.2691,0.001024,0,0,""
692,13841,2,64,1,1.3525,0.0397,0.0137,0.2554,0.001024,0,0,""
693,13861,2,64,1,0.5317,0.0267,0.0104,0.2066,0.001024,0.0001,1e+07,""
694,13881,2,64,1,0.5019,0.0237,0.009,0.1701,0.001024,0,0,""
695,13901,2,64,1,0.6229,0.0286,0.0108,0.1945,0.002048,0,0,""
696,13921,2,64,1,1.1511,0.0249,0.0096,0.1906,0.00192,0.0001,1e+07,""
697,13941,2,64,1,0.6848,0.0545,0.0159,0.3011,0.00192,0,0,""
698,13961,2,64,1,0.5752,0.0337,0.0117,0.2076,0.00192,0,0,""
699,13981,2,64,1,0.5181,0.029,0.0116,0.1907,0.001856,0.0001,1e+07,""
700,14001,2,64,1,1.4273,0.0521,0.0149,0.2701,0.001856,0,0,""
701,14021,2,64,1,0.533,0.0277,0.0103,0.183,0.001856,0,0,""
702,14041,2,64,1,0.5013,0.0233,0.0086,0.1888,0.002048,0.0001,1e+07,""
703,14061,2,64,1,0.7233,0.0493,0.0149,0.2426,0.002048,0.0001,1e+07,""
704,14081,2,64,1,1.1889,0.0301,0.012,0.1962,0.002048,0,0,""
705,14101,2,64,1,0.4957,0.0262,0.0634,0.2945,0.002048,0.0001,1e+07,""
706,14121,2,64,1,0.6889,0.0597,0.0186,0.2848,0.002048,0,0,""
707,14141,2,64,1,0.5584,0.0263,0.0093,0.1843,0.002048,0.0001,1e+07,""
708,14161,2,64,1,1.2146,0.024,0.0084,0.2584,0.001024,0,0,""
709,14181,2,64,1,0.7206,0.0573,0.0183,0.3123,0.001024,0,0,""
710,14201,2,64,1,0.5304,0.021,0.0083,0.1628,0.001024,0,0,""
711,14221,2,64,1,0.4599,0.0177,0.0061,0.1336,0.002048,0,0,""
712,14241,2,64,1,1.2894,0.0546,0.016,0.2958,0.002048,0.0001,1e+07,""
713,14261,2,64,1,0.5517,0.0343,0.0117,0.196,0.002048,0,0,""
714,14281,2,64,1,0.5104,0.0354,0.0136,0.2539,0.002048,0,0,""
715,14301,2,64,1,0.7231,0.0518,0.0163,0.3503,0.002048,0,0,""
716,14321,2,64,1,1.343,0.049,0.0148,0.2581,0.002048,0.0001,1e+07,""
717,14341,2,64,1,0.5843,0.0332,0.0109,0.2177,0.002048,0.0001,1e+07,""
718,14361,2,64,1,0.6985,0.0519,0.0185,0.2764,0.002048,0,0,""
719,14381,2,64,1,0.513,0.0206,0.0084,0.1538,0.002048,0,0,""
720,14401,2,64,1,0,0,0,4141,966,966,1000,49937,57615,48795,2.10585e+06,-488,1.284,0.053,0.0149,0.3245,0.00192,0,0,""
721,14421,2,64,1,0.5298,0.0206,0.0085,0.1959,0.001024,0,0,""
722,14441,2,64,1,0.4841,0.0198,0.0074,0.1646,0.001024,0,0,""
723,14461,2,64,1,0.5026,0.0184,0.0066,0.1393,0.00192,0,0,""
724,14481,2,64,1,1.3233,0.0214,0.0086,0.1599,0.00192,0.0001,1e+07,""
725,14501,2,64,1,0.4954,0.0176,0.0066,0.1417,0.00192,0.0001,1e+07,""
726,14521,2,64,1,0.4883,0.0169,0.0065,0.1327,0.002048,0,0,""
727,14541,2,64,1,0.6988,0.0592,0.0186,0.2795,0.002048,0,0,""
728,14561,2,64,1,1.2172,0.0208,0.0086,0.1656,0.002048,0.0001,1e+07,""
729,14581,2,64,1,0.484,0.0166,0.0064,0.1302,0.00192,0,0,""
730,14601,2,64,1,0.7278,0.073,0.02,0.3765,0.00192,0.0001,1e+07,""
731,14621,2,64,1,0.549,0.0258,0.0103,0.1866,0.00192,0,0,""
732,14641,2,64,1,1.2019,0.0225,0.0082,0.1904,0.001792,0.0001,1e+07,""
733,14661,2,64,1,0.7223,0.0588,0.0183,0.3059,0.001792,0,0,""
734,14681,2,64,1,0.5268,0.0205,0.0077,0.1587,0.001792,0,0,""
735,14701,2,64,1,0.5574,0.018,0.0069,0.1435,0.001024,0,0,""
736,14721,2,64,1,1.4594,0.0528,0.0154,0.2825,0.001024,0,0,""
737,14741,2,64,1,0.533,0.0236,0.0091,0.167,0.001024,0,0,""
738,14761,2,64,1,0.5047,0.0308,0.007,0.1406,0.002048,0,0,""
739,14781,2,64,1,0.74,0.0583,0.0188,0.3247,0.002048,0,0,""
740,14801,2,64,1,1.2196,0.0258,0.0092,0.1684,0.002048,0,0,""
741,14821,2,64,1,0.4811,0.0183,0.0064,0.1337,0.002048,0.0001,1e+07,""
742,14841,2,64,1,0.7421,0.0528,0.0153,0.2694,0.002048,0,0,""
743,14861,2,64,1,0.5331,0.0261,0.0095,0.1803,0.002048,0,0,""
744,14881,2,64,1,1.1895,0.0242,0.0089,0.2497,0.002048,0,0,""
745,14901,2,64,1,0.6885,0.0493,0.0156,0.2699,0.002048,0,0,""
746,14921,2,64,1,0.5259,0.0293,0.0099,0.1959,0.002048,0.0001,1e+07,""
747,14941,2,64,1,0.4994,0.0191,0.0072,0.1464,0.002048,0,0,""
748,14961,2,64,1,1.4612,0.05,0.0151,0.2825,0.002048,0,0,""
749,14981,2,64,1,0.5541,0.023,0.0082,0.1678,0.002048,0.0001,1e+07,""
750,15001,2,64,1,0,0,0,4232,965,965,1000,49899,55673,48879,1.94397e+06,-549,0.5686,0.0543,0.0154,0.3516,0.001856,0.0001,1e+07,""
751,15021,2,64,1,0.5398,0.1331,0.0537,1.3048,0.001024,0.0001,1e+07,""
752,15041,2,64,1,1.4332,0.0219,0.009,0.1645,0.001024,0,0,""
753,15061,2,64,1,0.4991,0.0193,0.0075,0.1599,0.002048,0,0,""
754,15081,2,64,1,0.4799,0.0167,0.0069,0.1368,0.002048,0,0,""
755,15101,2,64,1,0.4958,0.0164,0.0063,0.1321,0.002048,0,0,""
756,15121,2,64,1,1.1924,0.0196,0.0071,0.1581,0.001024,0.0001,1e+07,""
757,15141,2,64,1,0.6956,0.0589,0.0187,0.3219,0.001024,0.0001,1e+07,""
758,15161,2,64,1,0.5359,0.0215,0.0078,0.1605,0.001024,0,0,""
759,15181,2,64,1,0.464,0.0176,0.0064,0.1467,0.001728,0.0001,1e+07,""
760,15201,2,64,1,1.4314,0.0501,0.0155,0.2682,0.001728,0,0,""
761,15221,2,64,1,0.5398,0.0216,0.0077,0.1519,0.001728,0,0,""
762,15241,2,64,1,0.4601,0.0166,0.0063,0.1318,0.002048,0,0,""
763,15261,2,64,1,0.7661,0.0519,0.0153,0.255,0.002048,0.0001,1e+07,""
764,15281,2,64,1,1.2369,0.0238,0.0084,0.1728,0.002048,0,0,""
765,15301,2,64,1,0.4765,0.024,0.0068,0.1344,0.002048,0,0,""
766,15321,2,64,1,0.6506,0.0524,0.0149,0.2637,0.002048,0.0001,1e+07,""
767,15341,2,64,1,0.5508,0.0201,0.0068,0.1551,0.002048,0,0,""
768,15361,2,64,1,1.1915,0.0187,0.0065,0.1645,0.002048,0,0,""
769,15381,2,64,1,0.7102,0.0569,0.0184,0.3192,0.002048,0,0,""
770,15401,2,64,1,0.5273,0.0218,0.0082,0.1569,0.002048,0,0,""
771,15421,2,64,1,0.5097,0.0177,0.0065,0.1332,0.002048,0.0001,1e+07,""
772,15441,2,64,1,1.4837,0.0528,0.0153,0.2701,0.002048,0,0,""
773,15461,2,64,1,0.5355,0.022,0.008,0.1574,0.002048,0,0,""
774,15481,2,64,1,0.5119,0.0172,0.0062,0.2749,0.002048,0,0,""
775,15501,2,64,1,0.7342,0.0522,0.0157,0.2648,0.002048,0,0,""
776,15521,2,64,1,1.2332,0.0273,0.0102,0.1836,0.002048,0,0,""
777,15541,2,64,1,0.5209,0.019,0.007,0.2378,0.002048,0,0,""
778,15561,2,64,1,0.7306,0.0687,0.0189,0.3257,0.002048,0.0001,1e+07,""
779,15581,2,64,1,0.5975,0.0222,0.0082,0.1675,0.002048,0,0,""
780,15601,2,64,1,0,0,0,4300,972,972,1000,49999,53891,48917,1.78507e+06,-595,1.2966,0.054,0.0147,0.322,0.002048,0,0,""
781,15621,2,64,1,0.5417,0.1327,0.055,1.4543,0.001024,0.0002,5e+06,""
782,15641,2,64,1,0.765,0.0405,0.0125,0.2825,0.002048,0,0,""
783,15661,2,64,1,0.7194,0.0499,0.0184,0.3004,0.001952,0.0001,1e+07,""
784,15681,2,64,1,1.4248,0.0411,0.0146,0.2464,0.001952,0,0,""
785,15701,2,64,1,0.5518,0.0496,0.0157,0.2781,0.002048,0,0,""
786,15721,2,64,1,0.5814,0.0405,0.0134,0.2268,0.001024,0.0001,1e+07,""
787,15741,2,64,1,0.7228,0.0549,0.019,0.2581,0.001024,0,0,""
788,15761,2,64,1,1.3907,0.0537,0.0165,0.2729,0.001024,0,0,""
789,15781,2,64,1,0.6664,0.0337,0.0122,0.2085,0.001856,0,0,""
790,15801,2,64,1,0.75,0.0588,0.0162,0.2598,0.001856,0,0,""
791,15821,2,64,1,0.5495,0.025,0.0101,0.1817,0.001856,0,0,""
792,15841,2,64,1,1.2335,0.0224,0.0083,0.2009,0.002048,0.0001,1e+07,""
793,15861,2,64,1,0.7494,0.059,0.019,0.2962,0.002048,0,0,""
794,15881,2,64,1,0.542,0.0276,0.0101,0.1977,0.002048,0,0,""
795,15901,2,64,1,0.522,0.0215,0.0084,0.1594,0.001856,0,0,""
796,15921,2,64,1,1.4701,0.0526,0.0157,0.2976,0.001856,0.0001,1e+07,""
797,15941,2,64,1,0.532,0.0227,0.0087,0.1636,0.001856,0,0,""
798,15961,2,64,1,0.4881,0.0185,0.0069,0.2496,0.001024,0.0001,1e+07,""
799,15981,2,64,1,0.6427,0.0493,0.0154,0.2593,0.001024,0,0,""
800,16001,2,64,1,1.2551,0.0257,0.0091,0.1762,0.001024,0,0,""
801,16021,2,64,1,0.4859,0.0194,0.0071,0.1475,0.002048,0,0,""
802,16041,2,64,1,0.75,0.0479,0.0149,0.2579,0.002048,0,0,""
803,16061,2,64,1,0.6165,0.0344,0.0103,0.1938,0.002048,0,0,""
804,16081,2,64,1,1.2717,0.0296,0.0097,0.2115,0.002048,0,0,""
805,16101,2,64,1,0.7207,0.0547,0.0176,0.2752,0.002048,0,0,""
806,16121,2,64,1,0.5628,0.0258,0.009,0.178,0.002048,0,0,""
807,16141,2,64,1,0.5088,0.0219,0.0083,0.1745,0.001024,0.0002,5e+06,""
808,16161,2,64,1,1.4949,0.0512,0.0151,0.2855,0.001024,0,0,""
809,16181,2,64,1,0.5876,0.0277,0.0102,0.1772,0.001024,0,0,""
810,16201,2,64,1,0,0,0,4264,955,955,1000,50090,52199,48883,1.69456e+06,-521,0.5433,0.0548,0.0162,0.3148,0.00176,0,0,""
811,16221,2,64,1,0.5881,0.1375,0.0558,1.4737,0.001024,0.0002,5e+06,""
812,16241,2,64,1,1.4111,0.0315,0.0107,0.2137,0.001024,0,0,""
813,16261,2,64,1,0.5431,0.0206,0.0077,0.1638,0.001024,0,0,""
814,16281,2,64,1,0.4989,0.017,0.0068,0.1444,0.001024,0.0001,1e+07,""
815,16301,2,64,1,0.5492,0.0183,0.0072,0.168,0.001024,0,0,""
816,16321,2,64,1,1.2345,0.0178,0.0067,0.1454,0.002048,0,0,""
817,16341,2,64,1,0.7151,0.0497,0.0151,0.253,0.002048,0,0,""
818,16361,2,64,1,0.5293,0.0205,0.0074,0.1476,0.002048,0,0,""
819,16381,2,64,1,0.5108,0.0172,0.0068,0.1341,0.001952,0.0001,1e+07,""
820,16401,2,64,1,1.5347,0.052,0.0152,0.2634,0.001952,0,0,""
821,16421,2,64,1,0.5271,0.0215,0.0086,0.1607,0.001952,0,0,""
822,16441,2,64,1,0.4901,0.0169,0.0067,0.141,0.002048,0,0,""
823,16461,2,64,1,0.6167,0.0549,0.0159,0.2872,0.002048,0,0,""
824,16481,2,64,1,1.2956,0.0269,0.0099,0.1904,0.002048,0,0,""
825,16501,2,64,1,0.4996,0.0208,0.0073,0.1643,0.001888,0,0,""
826,16521,2,64,1,0.7198,0.0539,0.0161,0.2651,0.001888,0,0,""
827,16541,2,64,1,0.5466,0.0247,0.0089,0.172,0.001888,0,0,""
828,16561,2,64,1,1.2734,0.0217,0.0077,0.191,0.001024,0,0,""
829,16581,2,64,1,0.7432,0.0564,0.0188,0.3221,0.001024,0,0,""
830,16601,2,64,1,0.547,0.0226,0.0088,0.1661,0.001024,0.0001,1e+07,""
831,16621,2,64,1,0.5139,0.0208,0.0077,0.1603,0.001952,0,0,""
832,16641,2,64,1,1.559,0.0518,0.0157,0.2735,0.001952,0,0,""
833,16661,2,64,1,0.5469,0.0208,0.0081,0.1531,0.001952,0,0,""
834,16681,2,64,1,0.4881,0.0172,0.0062,0.2477,0.002048,0.0001,1e+07,""
835,16701,2,64,1,0.7467,0.063,0.0193,0.3175,0.002048,0.0001,1e+07,""
836,16721,2,64,1,1.2988,0.0232,0.0084,0.1646,0.002048,0,0,""
837,16741,2,64,1,0.4865,0.0174,0.0065,0.1949,0.002048,0.0001,1e+07,""
838,16761,2,64,1,0.7415,0.0499,0.0146,0.2657,0.002048,0,0,""
839,16781,2,64,1,0.5242,0.021,0.0086,0.1567,0.002048,0,0,""
840,16801,2,64,1,0,0,0,4331,972,972,1000,50053,50560,49045,1.64793e+06,-643,1.3558,0.0545,0.0152,0.322,0.001952,0,0,""
841,16821,2,64,1,0.5871,0.028,0.0095,1.0579,0.001024,0.0002,5e+06,""
842,16841,2,64,1,1.1565,0.031,0.0114,0.2288,0.001024,0,0,""
843,16861,2,64,1,0.5307,0.0222,0.0082,0.1705,0.001024,0.0001,1e+07,""
844,16881,2,64,1,1.5423,0.0482,0.0156,0.2594,0.001024,0,0,""
845,16901,2,64,1,0.5281,0.0262,0.0093,0.1786,0.001024,0,0,""
846,16921,2,64,1,0.5717,0.0251,0.0083,0.1714,0.002048,0,0,""
847,16941,2,64,1,0.7373,0.0607,0.0198,0.3462,0.002048,0,0,""
848,16961,2,64,1,1.3569,0.0343,0.0114,0.2298,0.002048,0,0,""
849,16981,2,64,1,0.5114,0.0248,0.0102,0.2105,0.002048,0,0,""
850,17001,2,64,1,0.7197,0.0535,0.0158,0.2722,0.002048,0.0001,1e+07,""
851,17021,2,64,1,0.5952,0.0295,0.0105,0.2023,0.002048,0,0,""
852,17041,2,64,1,1.2914,0.0364,0.0121,0.2472,0.002048,0.0001,1e+07,""
853,17061,2,64,1,0.6311,0.0534,0.0158,0.2711,0.002048,0.0001,1e+07,""
854,17081,2,64,1,0.5423,0.0247,0.0093,0.1768,0.002048,0,0,""
855,17101,2,64,1,0.5035,0.0248,0.0087,0.1653,0.002048,0.0002,5e+06,""
856,17121,2,64,1,1.5319,0.0525,0.0153,0.2899,0.002048,0.0001,1e+07,""
857,17141,2,64,1,0.5456,0.0243,0.0087,0.1698,0.002048,0,0,""
858,17161,2,64,1,0.6432,0.0315,0.0112,0.2181,0.002048,0,0,""
859,17181,2,64,1,0.7136,0.0609,0.0194,0.3292,0.002048,0.0001,1e+07,""
860,17201,2,64,1,1.3148,0.0405,0.0152,0.3293,0.002048,0.0001,1e+07,""
861,17221,2,64,1,0.596,0.0368,0.0206,0.226,0.002048,0,0,""
862,17241,2,64,1,0.6242,0.0532,0.0161,0.2793,0.002048,0,0,""
863,17261,2,64,1,0.5386,0.0224,0.0082,0.1654,0.002048,0,0,""
864,17281,2,64,1,1.2955,0.0208,0.0074,0.1521,0.001024,0.0001,1e+07,""
865,17301,2,64,1,0.7248,0.062,0.0189,0.3338,0.001024,0.0001,1e+07,""
866,17321,2,64,1,0.5398,0.0238,0.0089,0.168,0.001024,0,0,""
867,17341,2,64,1,0.4928,0.0171,0.0066,0.133,0.002048,0.0001,1e+07,""
868,17361,2,64,1,1.4765,0.0622,0.0149,0.2784,0.002048,0,0,""
869,17381,2,64,1,0.5232,0.0212,0.0083,0.1498,0.002048,0,0,""
870,17401,2,64,1,0,0,0,4316,964,964,1000,50146,48982,49179,1.58566e+06,556,0.5676,0.053,0.0148,0.3161,0.001824,0,0,""
871,17421,2,64,1,0.5841,0.1376,0.0553,1.5207,0.002048,0.0002,5e+06,""
872,17441,2,64,1,1.4467,0.0406,0.0138,0.2677,0.001024,0,0,""
873,17461,2,64,1,0.6701,0.0282,0.0099,0.1918,0.002048,0.0001,1e+07,""
874,17481,2,64,1,0.5925,0.0273,0.0091,0.1781,0.002048,0,0,""
875,17501,2,64,1,0.4997,0.0198,0.0071,0.1475,0.002048,0,0,""
876,17521,2,64,1,1.3076,0.0226,0.0078,0.1925,0.002048,0.0001,1e+07,""
877,17541,2,64,1,0.7269,0.0484,0.015,0.2528,0.002048,0,0,""
878,17561,2,64,1,0.5467,0.0205,0.0079,0.1545,0.002048,0.0001,1e+07,""
879,17581,2,64,1,0.5056,0.0177,0.0063,0.1432,0.002048,0.0001,1e+07,""
880,17601,2,64,1,1.5099,0.051,0.0154,0.2664,0.002048,0,0,""
881,17621,2,64,1,0.5228,0.0211,0.0078,0.1604,0.002048,0,0,""
882,17641,2,64,1,0.4714,0.017,0.0064,0.1321,0.00176,0.0001,1e+07,""
883,17661,2,64,1,0.7498,0.0589,0.0186,0.3257,0.00176,0,0,""
884,17681,2,64,1,1.3955,0.0233,0.0085,0.1629,0.00176,0,0,""
885,17701,2,64,1,0.4895,0.0187,0.0071,0.1799,0.002016,0,0,""
886,17721,2,64,1,0.7916,0.0552,0.0147,0.2756,0.002016,0,0,""
887,17741,2,64,1,0.5468,0.0217,0.008,0.1643,0.002016,0,0,""
888,17761,2,64,1,1.2943,0.0192,0.0071,0.1709,0.002048,0,0,""
889,17781,2,64,1,0.7498,0.0583,0.0187,0.2775,0.002048,0,0,""
890,17801,2,64,1,0.5306,0.0206,0.0077,0.156,0.002048,0,0,""
891,17821,2,64,1,0.5221,0.0174,0.0064,0.1314,0.001888,0,0,""
892,17841,2,64,1,1.5497,0.0514,0.0153,0.2618,0.001888,0,0,""
893,17861,2,64,1,0.5298,0.0214,0.0073,0.1605,0.001888,0,0,""
894,17881,2,64,1,0.498,0.0179,0.0065,0.2241,0.002048,0.0001,1e+07,""
895,17901,2,64,1,0.7493,0.0597,0.0181,0.316,0.002048,0,0,""
896,17921,2,64,1,1.4383,0.0238,0.0085,0.1664,0.002048,0,0,""
897,17941,2,64,1,0.5141,0.0262,0.007,0.1787,0.002048,0,0,""
898,17961,2,64,1,0.7362,0.0575,0.0164,0.2821,0.002048,0,0,""
899,17981,2,64,1,0.5858,0.0353,0.0099,0.1839,0.002048,0,0,""
900,18001,2,64,1,0,0,0,4337,966,966,1000,50126,47467,49291,1.51984e+06,509,1.4237,0.0627,0.0153,0.3755,0.001024,0,0,""
901,18021,2,64,1,0.5581,0.1788,0.0548,1.4191,0.001024,0.0002,5e+06,""
902,18041,2,64,1,0.6264,0.0234,0.0082,0.1695,0.002048,0,0,""
903,18061,2,64,1,0.4645,0.0317,0.0068,0.144,0.002048,0,0,""
904,18081,2,64,1,1.441,0.0251,0.009,0.1749,0.002048,0,0,""
905,18101,2,64,1,0.5357,0.0203,0.008,0.1542,0.002048,0,0,""
906,18121,2,64,1,0.4808,0.018,0.0067,0.1364,0.002048,0,0,""
907,18141,2,64,1,0.7173,0.0511,0.015,0.2611,0.002048,0,0,""
908,18161,2,64,1,1.3643,0.0246,0.0093,0.1802,0.002048,0,0,""
909,18181,2,64,1,0.5087,0.0187,0.007,0.2121,0.002048,0,0,""
910,18201,2,64,1,0.7205,0.0585,0.019,0.2862,0.002048,0,0,""
911,18221,2,64,1,0.547,0.0215,0.0082,0.1912,0.002048,0,0,""
912,18241,2,64,1,1.3427,0.0304,0.0085,0.1992,0.002048,0.0001,1e+07,""
913,18261,2,64,1,0.7922,0.0544,0.0162,0.2749,0.002048,0,0,""
914,18281,2,64,1,0.5454,0.0338,0.0114,0.1952,0.002048,0,0,""
915,18301,2,64,1,0.517,0.0202,0.0078,0.1514,0.002048,0.0001,1e+07,""
916,18321,2,64,1,1.619,0.0576,0.0173,0.2836,0.002048,0.0001,1e+07,""
917,18341,2,64,1,0.5324,0.0215,0.0079,0.1588,0.002048,0,0,""
918,18361,2,64,1,0.6,0.0291,0.0099,0.2144,0.001952,0.0001,1e+07,""
919,18381,2,64,1,0.7203,0.052,0.0148,0.2537,0.001952,0.0001,1e+07,""
920,18401,2,64,1,1.3513,0.0281,0.0102,0.1835,0.001952,0,0,""
921,18421,2,64,1,0.528,0.0202,0.0075,0.1704,0.001952,0,0,""
922,18441,2,64,1,0.7275,0.058,0.0187,0.2943,0.001952,0,0,""
923,18461,2,64,1,0.5379,0.0236,0.0084,0.1689,0.001952,0,0,""
924,18481,2,64,1,1.3669,0.021,0.0084,0.2066,0.001024,0.0001,1e+07,""
925,18501,2,64,1,0.7334,0.0487,0.0149,0.2706,0.001024,0,0,""
926,18521,2,64,1,0.5366,0.0247,0.0093,0.1719,0.001024,0,0,""
927,18541,2,64,1,0.5145,0.0187,0.007,0.1458,0.001024,0,0,""
928,18561,2,64,1,1.6276,0.0534,0.0154,0.2758,0.001024,0,0,""
929,18581,2,64,1,0.5935,0.0259,0.0092,0.1721,0.001024,0,0,""
930,18601,2,64,1,0,0,0,4478,973,973,1000,50020,46022,49343,1.44985e+06,482,0.5685,0.054,0.0152,0.3253,0.001024,0,0,""
931,18621,2,64,1,0.577,0.1309,0.0538,1.3304,0.001952,0.0002,5e+06,""
932,18641,2,64,1,1.5543,0.0253,0.0079,0.1741,0.002048,0,0,""
933,18661,2,64,1,0.5061,0.0207,0.0073,0.1511,0.001888,0.0001,1e+07,""
934,18681,2,64,1,0.6292,0.0266,0.0107,0.2221,0.001888,0,0,""
935,18701,2,64,1,0.4865,0.0179,0.0065,0.1374,0.001888,0,0,""
936,18721,2,64,1,1.3396,0.0223,0.0075,0.2519,0.002048,0.0001,1e+07,""
937,18741,2,64,1,0.7311,0.058,0.0185,0.3009,0.002048,0.0001,1e+07,""
938,18761,2,64,1,0.5307,0.0201,0.0078,0.1589,0.002048,0,0,""
939,18781,2,64,1,0.4891,0.0176,0.0061,0.1339,0.002048,0.0001,1e+07,""
940,18801,2,64,1,1.5482,0.0518,0.0155,0.2674,0.002048,0.0001,1e+07,""
941,18821,2,64,1,0.526,0.0204,0.0082,0.151,0.002048,0.0001,1e+07,""
942,18841,2,64,1,0.4752,0.0166,0.0065,0.215,0.002048,0.0001,1e+07,""
943,18861,2,64,1,0.6948,0.0513,0.0151,0.2845,0.002048,0,0,""
944,18881,2,64,1,1.4753,0.0354,0.013,0.2113,0.002048,0,0,""
945,18901,2,64,1,0.5353,0.0213,0.0085,0.1937,0.002048,0,0,""
946,18921,2,64,1,0.6925,0.0484,0.0144,0.2515,0.002048,0,0,""
947,18941,2,64,1,0.5464,0.0235,0.0082,0.1652,0.002048,0,0,""
948,18961,2,64,1,1.3728,0.0208,0.0076,0.2282,0.002048,0,0,""
949,18981,2,64,1,0.7427,0.0585,0.0183,0.2597,0.002048,0.0001,1e+07,""
950,19001,2,64,1,0.5538,0.022,0.008,0.172,0.002048,0,0,""
951,19021,2,64,1,0.5071,0.0176,0.007,0.1366,0.002048,0,0,""
952,19041,2,64,1,1.5951,0.0517,0.0154,0.2831,0.002048,0,0,""
953,19061,2,64,1,0.5742,0.0204,0.008,0.1497,0.002048,0.0001,1e+07,""
954,19081,2,64,1,0.501,0.0177,0.0063,0.1557,0.002048,0,0,""
955,19101,2,64,1,0.716,0.0582,0.0182,0.3239,0.002048,0,0,""
956,19121,2,64,1,1.4496,0.0233,0.0095,0.1672,0.002048,0,0,""
957,19141,2,64,1,0.5183,0.0225,0.0166,0.1522,0.001024,0.0001,1e+07,""
958,19161,2,64,1,0.6814,0.0507,0.015,0.2783,0.001024,0.0001,1e+07,""
959,19181,2,64,1,0.5587,0.0202,0.0075,0.1675,0.001024,0,0,""
960,19201,2,64,1,0,0,0,4548,979,979,1000,50001,44690,49355,1.33239e+06,523,1.4634,0.0536,0.0151,0.3319,0.001024,0.0001,1e+07,""
961,19221,2,64,1,0.5537,0.1324,0.0549,1.4412,0.001024,0.0002,5e+06,""
962,19241,2,64,1,0.6365,0.0262,0.0085,0.1775,0.002048,0.0001,1e+07,""
963,19261,2,64,1,0.5362,0.0197,0.0068,0.1465,0.002048,0.0001,1e+07,""
964,19281,2,64,1,1.4892,0.0226,0.0079,0.1613,0.002048,0,0,""
965,19301,2,64,1,0.484,0.0173,0.0064,0.1348,0.002048,0.0001,1e+07,""
966,19321,2,64,1,0.5067,0.0171,0.0066,0.1289,0.002048,0.0001,1e+07,""
967,19341,2,64,1,0.8401,0.059,0.0181,0.3298,0.002048,0.0001,1e+07,""
968,19361,2,64,1,1.4252,0.0236,0.0085,0.171,0.002048,0,0,""
969,19381,2,64,1,0.5226,0.0203,0.007,0.1708,0.001024,0,0,""
970,19401,2,64,1,0.7261,0.0474,0.0147,0.2477,0.001024,0,0,""
971,19421,2,64,1,0.5337,0.02,0.0076,0.1521,0.001024,0.0001,1e+07,""
972,19441,2,64,1,1.4082,0.018,0.0069,0.2882,0.001888,0,0,""
973,19461,2,64,1,0.7314,0.0569,0.0182,0.3073,0.001888,0.0001,1e+07,""
974,19481,2,64,1,0.5998,0.0263,0.0074,0.1517,0.001888,0,0,""
975,19501,2,64,1,0.5274,0.0176,0.0061,0.1331,0.002048,0,0,""
976,19521,2,64,1,1.6154,0.0588,0.0162,0.3102,0.002048,0,0,""
977,19541,2,64,1,0.574,0.0306,0.0108,0.2012,0.002048,0,0,""
978,19561,2,64,1,0.6291,0.0337,0.0121,0.2118,0.002048,0,0,""
979,19581,2,64,1,0.7473,0.0605,0.0194,0.3083,0.002048,0,0,""
980,19601,2,64,1,1.4587,0.0368,0.0129,0.2202,0.002048,0,0,""
981,19621,2,64,1,0.5328,0.0264,0.0097,0.2003,0.002048,0,0,""
982,19641,2,64,1,0.7751,0.0528,0.016,0.2691,0.002048,0,0,""
983,19661,2,64,1,0.5615,0.027,0.0098,0.1936,0.002048,0,0,""
984,19681,2,64,1,1.7418,0.0486,0.0145,0.251,0.001984,0,0,""
985,19701,2,64,1,0.8018,0.0547,0.0191,0.267,0.001984,0,0,""
986,19721,2,64,1,0.5399,0.021,0.0076,0.162,0.001984,0,0,""
987,19741,2,64,1,0.495,0.0183,0.0065,0.1384,0.002048,0,0,""
988,19761,2,64,1,1.6501,0.052,0.0157,0.2799,0.002048,0,0,""
989,19781,2,64,1,0.5373,0.0203,0.0073,0.1462,0.002048,0.0001,1e+07,""
990,19801,2,64,1,0,0,0,4679,980,980,1000,49949,43417,49259,1.27715e+06,594,0.5787,0.0546,0.0156,0.3211,0.001024,0,0,""
991,19821,2,64,1,0.5934,0.1341,0.0547,1.331,0.001024,0.0002,5e+06,""
992,19841,2,64,1,1.5612,0.0237,0.0086,0.1668,0.001824,0,0,""
993,19861,2,64,1,0.5443,0.0195,0.0075,0.1714,0.001024,0.0001,1e+07,""
994,19881,2,64,1,0.4997,0.0175,0.0064,0.1421,0.001024,0,0,""
995,19901,2,64,1,0.5178,0.0174,0.0063,0.1335,0.001024,0,0,""
996,19921,2,64,1,1.3702,0.0197,0.007,0.1527,0.001024,0,0,""
997,19941,2,64,1,0.7184,0.0564,0.0178,0.294,0.001024,0,0,""
998,19961,2,64,1,0.5519,0.0208,0.0078,0.1555,0.001024,0,0,""
999,19981,2,64,1,0.4937,0.0172,0.0064,0.1402,0.002048,0,0,""
1000,20001,2,64,1,1.6853,0.0532,0.0154,0.2867,0.002048,0,0,""
1001,20021,2,64,1,0.5808,0.0197,0.0078,0.1521,0.002048,0,0,""
1002,20041,2,64,1,0.5189,0.0196,0.0074,0.2073,0.002048,0,0,""
1003,20061,2,64,1,0.7316,0.0563,0.018,0.3171,0.002048,0,0,""
1004,20081,2,64,1,1.4994,0.0235,0.0087,0.1681,0.002048,0.0001,1e+07,""
1005,20101,2,64,1,0.5054,0.0195,0.0069,0.1727,0.001952,0,0,""
1006,20121,2,64,1,0.8204,0.0647,0.0175,0.3202,0.001952,0,0,""
1007,20141,2,64,1,0.5786,0.0418,0.0088,0.1707,0.001952,0,0,""
1008,20161,2,64,1,1.6536,0.0228,0.0085,0.1687,0.002048,0,0,""
1009,20181,2,64,1,0.72,0.0539,0.0181,0.2851,0.002048,0,0,""
1010,20201,2,64,1,0.674,0.023,0.0084,0.1689,0.002048,0,0,""
1011,20221,2,64,1,0.5224,0.0186,0.0067,0.1476,0.00192,0,0,""
1012,20241,2,64,1,1.6634,0.0519,0.0148,0.2542,0.00192,0,0,""
1013,20261,2,64,1,0.5639,0.0222,0.0126,0.1549,0.00192,0,0,""
1014,20281,2,64,1,0.5365,0.0202,0.0067,0.1764,0.002048,0,0,""
1015,20301,2,64,1,0.7444,0.0588,0.018,0.3207,0.002048,0.0001,1e+07,""
1016,20321,2,64,1,1.5122,0.024,0.0077,0.1633,0.002048,0,0,""
1017,20341,2,64,1,0.5964,0.0198,0.0067,0.1762,0.002048,0,0,""
1018,20361,2,64,1,0.7423,0.0524,0.0156,0.2756,0.002048,0,0,""
1019,20381,2,64,1,0.5361,0.0195,0.0074,0.1596,0.002048,0,0,""
1020,20401,2,64,1,0,0,0,4713,987,987,1000,49825,42206,49353,1.22105e+06,527,1.5332,0.0532,0.0155,0.3402,0.002048,0,0,""
1021,20421,2,64,1,0.5572,0.1309,0.0992,1.6644,0.001024,0.0001,1e+07,""
1022,20441,2,64,1,0.6158,0.0228,0.0083,0.1598,0.001024,0,0,""
1023,20461,2,64,1,0.5474,0.0187,0.0072,0.1613,0.002048,0,0,""
1024,20481,2,64,1,1.4115,0.0185,0.0069,0.1574,0.002048,0,0,""
1025,20501,2,64,1,0.4998,0.0164,0.0064,0.1332,0.002048,0.0001,1e+07,""
1026,20521,2,64,1,0.4914,0.0164,0.0062,0.1278,0.002048,0,0,""
1027,20541,2,64,1,0.7469,0.063,0.0184,0.3138,0.002048,0,0,""
1028,20561,2,64,1,1.4717,0.0231,0.0085,0.1642,0.002048,0,0,""
1029,20581,2,64,1,0.5059,0.0187,0.0067,0.3038,0.001024,0,0,""
1030,20601,2,64,1,0.7094,0.055,0.0161,0.2822,0.001024,0.0001,1e+07,""
1031,20621,2,64,1,0.5565,0.0252,0.0086,0.1796,0.001024,0.0001,1e+07,""
1032,20641,2,64,1,1.4661,0.0315,0.0114,0.216,0.001952,0,0,""
1033,20661,2,64,1,0.8474,0.0627,0.0167,0.2762,0.001952,0,0,""
1034,20681,2,64,1,0.5689,0.0283,0.0107,0.2013,0.001952,0.0001,1e+07,""
1035,20701,2,64,1,0.5445,0.0287,0.0096,0.1821,0.002016,0.0001,1e+07,""
1036,20721,2,64,1,1.7283,0.0524,0.0157,0.2848,0.002016,0,0,""
1037,20741,2,64,1,0.5574,0.0223,0.0083,0.1615,0.002016,0.0001,1e+07,""
1038,20761,2,64,1,0.5082,0.0224,0.0084,0.2919,0.00176,0,0,""
1039,20781,2,64,1,0.7751,0.0497,0.0155,0.2595,0.00176,0,0,""
1040,20801,2,64,1,1.4681,0.0258,0.0094,0.184,0.00176,0,0,""
1041,20821,2,64,1,0.549,0.0233,0.0086,0.1926,0.001984,0.0001,1e+07,""
1042,20841,2,64,1,0.7551,0.0498,0.0154,0.2595,0.001984,0,0,""
1043,20861,2,64,1,0.562,0.0233,0.0082,0.1697,0.001984,0,0,""
1044,20881,2,64,1,1.4547,0.0386,0.0131,0.2282,0.002048,0.0001,1e+07,""
1045,20901,2,64,1,0.7038,0.0572,0.0181,0.3024,0.002048,0,0,""
1046,20921,2,64,1,0.5532,0.0217,0.0084,0.1666,0.002048,0,0,""
1047,20941,2,64,1,0.5113,0.019,0.0073,0.1463,0.002048,0,0,""
1048,20961,2,64,1,1.7252,0.0579,0.0167,0.3059,0.002048,0,0,""
1049,20981,2,64,1,0.6149,0.029,0.0108,0.1911,0.002048,0,0,""
1050,21001,2,64,1,0,0,0,4685,977,977,1000,49798,41011,49374,1.19584e+06,508,0.576,0.0588,0.0156,0.333,0.001024,0,0,""
1051,21021,2,64,1,0.5997,0.1687,0.0549,1.5018,0.001024,0.0002,5e+06,""
1052,21041,2,64,1,1.5734,0.0371,0.0119,0.2599,0.001824,0,0,""
1053,21061,2,64,1,0.5739,0.0244,0.0091,0.1741,0.002048,0,0,""
1054,21081,2,64,1,0.6532,0.0198,0.0082,0.1619,0.002048,0.0001,1e+07,""
1055,21101,2,64,1,0.5423,0.0192,0.0072,0.1564,0.002048,0,0,""
1056,21121,2,64,1,1.8838,0.0357,0.0116,0.2149,0.002048,0,0,""
1057,21141,2,64,1,0.7301,0.0563,0.0179,0.2849,0.002048,0,0,""
1058,21161,2,64,1,0.5757,0.0326,0.0193,0.2777,0.002048,0.0001,1e+07,""
1059,21181,2,64,1,0.579,0.0332,0.0095,0.1821,0.002048,0.0001,1e+07,""
1060,21201,2,64,1,1.7808,0.0554,0.0161,0.2884,0.002048,0,0,""
1061,21221,2,64,1,0.586,0.0329,0.0122,0.1991,0.002048,0,0,""
1062,21241,2,64,1,0.8337,0.038,0.0123,0.2072,0.002048,0,0,""
1063,21261,2,64,1,0.7612,0.0533,0.0156,0.2673,0.002048,0.0001,1e+07,""
1064,21281,2,64,1,1.5605,0.0388,0.0129,0.2213,0.002048,0,0,""
1065,21301,2,64,1,0.8342,0.0414,0.013,0.2347,0.002048,0,0,""
1066,21321,2,64,1,0.6392,0.0546,0.017,0.2609,0.002048,0,0,""
1067,21341,2,64,1,0.5565,0.0241,0.0097,0.1673,0.002048,0,0,""
1068,21361,2,64,1,1.5021,0.025,0.0104,0.2192,0.001856,0.0001,1e+07,""
1069,21381,2,64,1,0.6579,0.0522,0.0157,0.2579,0.001856,0.0001,1e+07,""
1070,21401,2,64,1,0.6096,0.0411,0.0132,0.2444,0.001856,0,0,""
1071,21421,2,64,1,0.728,0.0541,0.0157,0.2738,0.002048,0,0,""
1072,21441,2,64,1,1.7126,0.0535,0.0155,0.2589,0.002048,0,0,""
1073,21461,2,64,1,0.6856,0.0319,0.0118,0.2836,0.002048,0,0,""
1074,21481,2,64,1,0.6611,0.0306,0.0113,0.1916,0.002016,0.0001,1e+07,""
1075,21501,2,64,1,0.7818,0.0585,0.0193,0.279,0.002016,0,0,""
1076,21521,2,64,1,1.5512,0.0418,0.0132,0.2651,0.002048,0,0,""
1077,21541,2,64,1,0.708,0.039,0.0147,0.27,0.001024,0,0,""
1078,21561,2,64,1,0.7683,0.0521,0.015,0.2645,0.001024,0,0,""
1079,21581,2,64,1,0.5684,0.0241,0.009,0.1727,0.001024,0,0,""
1080,21601,2,64,1,0,0,0,4876,985,985,1000,49755,39846,49397,1.16548e+06,504,1.5856,0.0527,0.0158,0.3095,0.001024,0,0,""
1081,21621,2,64,1,0.6235,0.1361,0.0547,1.4108,0.00176,0.0002,5e+06,""
1082,21641,2,64,1,0.6044,0.0262,0.0091,0.1755,0.001024,0,0,""
1083,21661,2,64,1,0.5139,0.0174,0.0061,0.1378,0.002016,0.0001,1e+07,""
1084,21681,2,64,1,1.6639,0.0401,0.0134,0.2169,0.002016,0,0,""
1085,21701,2,64,1,0.5548,0.0223,0.008,0.1664,0.002016,0.0001,1e+07,""
1086,21721,2,64,1,0.5122,0.0173,0.0064,0.2434,0.002048,0.0001,1e+07,""
1087,21741,2,64,1,0.7928,0.0514,0.0152,0.2653,0.002048,0,0,""
1088,21761,2,64,1,1.5995,0.034,0.0118,0.3795,0.002048,0.0001,1e+07,""
1089,21781,2,64,1,0.5883,0.0267,0.0096,0.1797,0.001952,0,0,""
1090,21801,2,64,1,0.7557,0.0479,0.0157,0.2602,0.001952,0,0,""
1091,21821,2,64,1,0.61,0.0253,0.0094,0.172,0.001952,0,0,""
1092,21841,2,64,1,1.7056,0.029,0.0112,0.1844,0.00192,0.0001,1e+07,""
1093,21861,2,64,1,0.6674,0.0521,0.0159,0.2745,0.00192,0,0,""
1094,21881,2,64,1,0.7154,0.0276,0.0099,0.1824,0.00192,0,0,""
1095,21901,2,64,1,0.5429,0.023,0.0083,0.1919,0.002048,0,0,""
1096,21921,2,64,1,1.7453,0.0552,0.016,0.2904,0.002048,0,0,""
1097,21941,2,64,1,0.6486,0.0364,0.0136,0.2355,0.002048,0.0001,1e+07,""
1098,21961,2,64,1,0.7602,0.0318,0.0112,0.1919,0.001952,0.0001,1e+07,""
1099,21981,2,64,1,0.7585,0.0492,0.0153,0.2465,0.001952,0,0,""
1100,22001,2,64,1,1.5646,0.0215,0.0081,0.1618,0.001952,0,0,""
1101,22021,2,64,1,0.5445,0.0221,0.0074,0.2016,0.002048,0,0,""
1102,22041,2,64,1,0.7604,0.0518,0.0149,0.2557,0.002048,0,0,""
1103,22061,2,64,1,0.5901,0.022,0.0081,0.1639,0.002048,0,0,""
1104,22081,2,64,1,1.5236,0.0261,0.0076,0.1839,0.002048,0,0,""
1105,22101,2,64,1,0.7812,0.0526,0.0157,0.2628,0.002048,0,0,""
1106,22121,2,64,1,0.5777,0.0213,0.0079,0.1652,0.002048,0,0,""
1107,22141,2,64,1,0.5653,0.018,0.0065,0.1365,0.001824,0.0001,1e+07,""
1108,22161,2,64,1,1.6758,0.0526,0.0157,0.296,0.001824,0,0,""
1109,22181,2,64,1,0.5984,0.0219,0.009,0.165,0.001824,0,0,""
1110,22201,2,64,1,0,0,0,4918,983,983,1000,49797,38750,49373,1.09704e+06,473,0.6255,0.0573,0.0194,0.3218,0.001024,0,0,""
1111,22221,2,64,1,0.6717,0.0367,0.0131,0.2612,0.001024,0,0,""
1112,22241,2,64,1,1.5642,0.0368,0.0121,0.2222,0.002048,0,0,""
1113,22261,2,64,1,0.64,0.0304,0.0106,0.2062,0.00176,0,0,""
1114,22281,2,64,1,0.5688,0.0221,0.009,0.1615,0.00176,0,0,""
1115,22301,2,64,1,0.5341,0.0186,0.0072,0.1477,0.00176,0.0001,1e+07,""
1116,22321,2,64,1,1.7337,0.033,0.0108,0.257,0.002016,0.0001,1e+07,""
1117,22341,2,64,1,0.7465,0.0596,0.0187,0.3176,0.002016,0,0,""
1118,22361,2,64,1,0.566,0.0231,0.009,0.1723,0.002016,0,0,""
1119,22381,2,64,1,0.5528,0.0192,0.0075,0.144,0.001024,0,0,""
1120,22401,2,64,1,1.6888,0.0534,0.0152,0.2777,0.001024,0,0,""
1121,22421,2,64,1,0.5808,0.0247,0.0085,0.1743,0.001024,0,0,""
1122,22441,2,64,1,0.541,0.0233,0.009,0.1789,0.002048,0,0,""
1123,22461,2,64,1,0.7979,0.0553,0.0162,0.2863,0.002048,0.0001,1e+07,""
1124,22481,2,64,1,1.7206,0.0559,0.0163,0.3933,0.002048,0.0001,1e+07,""
1125,22501,2,64,1,0.7646,0.0499,0.0156,0.2592,0.002048,0,0,""
1126,22521,2,64,1,0.7057,0.0534,0.0161,0.2778,0.002048,0,0,""
1127,22541,2,64,1,0.5946,0.0321,0.0112,0.2226,0.002048,0.0001,1e+07,""
1128,22561,2,64,1,1.9345,0.0574,0.0162,0.2727,0.001728,0.0001,1e+07,""
1129,22581,2,64,1,0.8176,0.0568,0.0165,0.2763,0.001728,0,0,""
1130,22601,2,64,1,0.614,0.0345,0.012,0.2066,0.001728,0,0,""
1131,22621,2,64,1,0.5906,0.028,0.0105,0.1852,0.002048,0,0,""
1132,22641,2,64,1,1.7687,0.0569,0.0157,0.2754,0.002048,0,0,""
1133,22661,2,64,1,0.5747,0.0242,0.0096,0.1733,0.002048,0.0001,1e+07,""
1134,22681,2,64,1,0.5422,0.023,0.0088,0.196,0.002048,0,0,""
1135,22701,2,64,1,0.8221,0.0557,0.016,0.261,0.002048,0,0,""
1136,22721,2,64,1,1.6369,0.0353,0.0111,0.2134,0.002048,0,0,""
1137,22741,2,64,1,0.7525,0.0323,0.0107,0.2064,0.001824,0,0,""
1138,22761,2,64,1,0.6879,0.0542,0.017,0.2994,0.001824,0,0,""
1139,22781,2,64,1,0.6915,0.0326,0.0112,0.2019,0.001824,0,0,""
1140,22801,2,64,1,0,0,0,5061,982,982,1000,49733,37738,49391,1.0139e+06,502,1.6448,0.0545,0.0153,0.3043,0.001024,0,0,""
1141,22821,2,64,1,0.7134,0.1529,0.0598,1.3209,0.001024,0.0002,5e+06,""
1142,22841,2,64,1,0.8379,0.0402,0.0134,0.2426,0.001024,0,0,""
1143,22861,2,64,1,0.568,0.0252,0.0099,0.1766,0.002048,0,0,""
1144,22881,2,64,1,1.7495,0.0433,0.0143,0.2462,0.002048,0,0,""
1145,22901,2,64,1,0.5939,0.0255,0.0094,0.1812,0.002048,0,0,""
1146,22921,2,64,1,0.5559,0.024,0.009,0.2039,0.001952,0.0001,1e+07,""
1147,22941,2,64,1,0.7758,0.0523,0.0158,0.2582,0.001952,0.0001,1e+07,""
1148,22961,2,64,1,1.8222,0.0346,0.0119,0.2098,0.001952,0,0,""
1149,22981,2,64,1,0.6906,0.0289,0.0104,0.1873,0.001984,0.0001,1e+07,""
1150,23001,2,64,1,0.7715,0.0528,0.0153,0.2704,0.001984,0,0,""
1151,23021,2,64,1,0.624,0.0289,0.0103,0.1892,0.001984,0,0,""
1152,23041,2,64,1,1.7901,0.0375,0.0126,0.2114,0.002048,0,0,""
1153,23061,2,64,1,0.7691,0.0519,0.0152,0.2842,0.002048,0.0001,1e+07,""
1154,23081,2,64,1,0.5681,0.0287,0.0085,0.1598,0.002048,0,0,""
1155,23101,2,64,1,0.5439,0.0182,0.0064,0.1353,0.002048,0,0,""
1156,23121,2,64,1,1.7785,0.0549,0.0157,0.2783,0.002048,0,0,""
1157,23141,2,64,1,0.5904,0.0285,0.0108,0.1866,0.002048,0,0,""
1158,23161,2,64,1,0.5938,0.0288,0.0107,0.2159,0.002048,0,0,""
1159,23181,2,64,1,0.7292,0.0553,0.016,0.2981,0.002048,0,0,""
1160,23201,2,64,1,1.7002,0.0429,0.0149,0.288,0.002048,0.0001,1e+07,""
1161,23221,2,64,1,0.7768,0.0376,0.0129,0.2433,0.002048,0,0,""
1162,23241,2,64,1,0.7731,0.0543,0.0156,0.2702,0.002048,0,0,""
1163,23261,2,64,1,0.5948,0.0275,0.0098,0.1856,0.002048,0,0,""
1164,23281,2,64,1,1.9244,0.0467,0.0143,0.247,0.002048,0.0001,1e+07,""
1165,23301,2,64,1,0.7395,0.0587,0.0198,0.3151,0.002048,0,0,""
1166,23321,2,64,1,0.5699,0.0251,0.0097,0.1752,0.002048,0,0,""
1167,23341,2,64,1,0.5652,0.0226,0.0086,0.158,0.002048,0,0,""
1168,23361,2,64,1,1.8003,0.0565,0.0163,0.2874,0.002048,0,0,""
1169,23381,2,64,1,0.5737,0.0346,0.0106,0.2016,0.002048,0,0,""
1170,23401,2,64,1,0,0,0,5080,980,980,1000,49788,36755,49429,985319,403,0.6121,0.0626,0.0146,0.3163,0.002048,0,0,""
1171,23421,2,64,1,0.6171,0.1355,0.0556,1.55,0.001824,0.0001,1e+07,""
1172,23441,2,64,1,1.7082,0.0331,0.0118,0.2938,0.001024,0,0,""
1173,23461,2,64,1,0.6151,0.0243,0.0096,0.1866,0.002048,0.0001,1e+07,""
1174,23481,2,64,1,0.7145,0.0272,0.0089,0.1809,0.002048,0,0,""
1175,23501,2,64,1,0.5286,0.02,0.0078,0.1521,0.002048,0,0,""
1176,23521,2,64,1,1.6087,0.027,0.0102,0.2071,0.002048,0,0,""
1177,23541,2,64,1,0.7675,0.0787,0.019,0.2979,0.002048,0,0,""
1178,23561,2,64,1,0.5718,0.0209,0.0075,0.1552,0.002048,0,0,""
1179,23581,2,64,1,0.5308,0.0172,0.007,0.1346,0.001024,0,0,""
1180,23601,2,64,1,1.8282,0.0523,0.0152,0.2709,0.001024,0.0001,1e+07,""
1181,23621,2,64,1,0.5567,0.0202,0.0076,0.1484,0.001024,0,0,""
1182,23641,2,64,1,0.5207,0.0192,0.007,0.1645,0.002048,0.0001,1e+07,""
1183,23661,2,64,1,0.8158,0.0595,0.0183,0.3468,0.002048,0,0,""
1184,23681,2,64,1,1.6613,0.0235,0.0088,0.1667,0.002048,0,0,""
1185,23701,2,64,1,0.7006,0.0219,0.0081,0.1668,0.002048,0,0,""
1186,23721,2,64,1,0.771,0.0493,0.0152,0.2478,0.002048,0,0,""
1187,23741,2,64,1,0.5894,0.021,0.0077,0.1594,0.002048,0,0,""
1188,23761,2,64,1,1.6055,0.0203,0.0074,0.1693,0.002048,0.0001,1e+07,""
1189,23781,2,64,1,0.69,0.0564,0.0162,0.2776,0.002048,0.0001,1e+07,""
1190,23801,2,64,1,0.639,0.0314,0.0111,0.205,0.002048,0,0,""
1191,23821,2,64,1,0.5746,0.0253,0.0095,0.1911,0.002048,0,0,""
1192,23841,2,64,1,1.8179,0.0535,0.0157,0.277,0.002048,0.0001,1e+07,""
1193,23861,2,64,1,0.8348,0.0367,0.012,0.3227,0.002048,0,0,""
1194,23881,2,64,1,0.5956,0.0266,0.0101,0.1744,0.002048,0,0,""
1195,23901,2,64,1,0.7631,0.0544,0.0182,0.2435,0.002048,0,0,""
1196,23921,2,64,1,1.653,0.0255,0.0092,0.1748,0.002048,0.0001,1e+07,""
1197,23941,2,64,1,0.5558,0.0207,0.0071,0.1885,0.002048,0,0,""
1198,23961,2,64,1,0.7929,0.0516,0.0152,0.29,0.002048,0.0001,1e+07,""
1199,23981,2,64,1,0.5989,0.0214,0.0087,0.1575,0.002048,0,0,""
1200,24001,2,64,1,0,0,0,5276,983,983,1000,49832,35808,49413,948734,436,1.7235,0.0537,0.0151,0.3197,0.002048,0,0,""
1201,24021,2,64,1,0.6213,0.0264,0.0091,0.1897,0.001024,0,0,""
1202,24041,2,64,1,0.6198,0.0205,0.0077,0.2923,0.001024,0,0,""
1203,24061,2,64,1,0.6039,0.0346,0.0112,0.2217,0.002048,0,0,""
1204,24081,2,64,1,1.8405,0.032,0.0111,0.1962,0.002048,0.0001,1e+07,""
1205,24101,2,64,1,0.579,0.0288,0.0103,0.2607,0.00192,0.0001,1e+07,""
1206,24121,2,64,1,0.6142,0.0261,0.0095,0.18,0.002912,0,0,""
1207,24141,2,64,1,0.7584,0.0674,0.018,0.2797,0.002912,0.0001,1e+07,""
1208,24161,2,64,1,1.6542,0.0281,0.0102,0.1829,0.002912,0,0,""
1209,24181,2,64,1,0.7831,0.0308,0.0115,0.2034,0.001728,0.0001,1e+07,""
1210,24201,2,64,1,0.7889,0.0535,0.0154,0.2568,0.001728,0,0,""
1211,24221,2,64,1,0.6043,0.0223,0.0085,0.1719,0.001728,0,0,""
1212,24241,2,64,1,1.8919,0.0291,0.0096,0.2373,0.001856,0,0,""
1213,24261,2,64,1,0.8222,0.0561,0.0164,0.2738,0.001856,0,0,""
1214,24281,2,64,1,0.5932,0.0265,0.0093,0.1886,0.001856,0.0001,1e+07,""
1215,24301,2,64,1,0.5794,0.0206,0.0077,0.1519,0.001024,0.0001,1e+07,""
1216,24321,2,64,1,1.8709,0.0546,0.0216,0.2786,0.001024,0,0,""
1217,24341,2,64,1,0.5875,0.0234,0.0088,0.1706,0.001024,0,0,""
1218,24361,2,64,1,0.813,0.031,0.0101,0.2014,0.002048,0,0,""
1219,24381,2,64,1,0.8164,0.0514,0.0151,0.2691,0.002048,0,0,""
1220,24401,2,64,1,1.6904,0.0251,0.01,0.1979,0.002048,0,0,""
1221,24421,2,64,1,0.5735,0.0253,0.01,0.1879,0.002048,0.0001,1e+07,""
1222,24441,2,64,1,0.8112,0.0523,0.0158,0.2542,0.002048,0,0,""
1223,24461,2,64,1,0.5844,0.0216,0.0077,0.1649,0.002048,0.0001,1e+07,""
1224,24481,2,64,1,1.6855,0.0374,0.0192,0.3351,0.002048,0,0,""
1225,24501,2,64,1,0.8093,0.0503,0.016,0.2541,0.002048,0,0,""
1226,24521,2,64,1,0.6036,0.0272,0.0098,0.1899,0.002048,0,0,""
1227,24541,2,64,1,0.5702,0.0232,0.0092,0.1598,0.002048,0,0,""
1228,24561,2,64,1,1.9201,0.0616,0.0156,0.2691,0.002048,0,0,""
1229,24581,2,64,1,0.597,0.0216,0.0078,0.1545,0.002048,0,0,""
1230,24601,2,64,1,0,0,0,5369,984,984,1000,49890,34952,49443,858095,378,0.6214,0.0531,0.0158,0.3287,0.001024,0,0,""
1231,24621,2,64,1,0.6211,0.114,0.059,1.2957,0.001024,0.0002,5e+06,""
1232,24641,2,64,1,2.0851,0.0398,0.014,0.2347,0.00192,0.0001,1e+07,""
1233,24661,2,64,1,0.5612,0.0198,0.0077,0.1517,0.001696,0,0,""
1234,24681,2,64,1,0.6907,0.0311,0.013,0.179,0.001696,0,0,""
1235,24701,2,64,1,0.5633,0.0191,0.0076,0.1459,0.001696,0,0,""
1236,24721,2,64,1,1.6593,0.0407,0.0135,0.2449,0.002048,0,0,""
1237,24741,2,64,1,0.7128,0.0482,0.0145,0.2431,0.002048,0,0,""
1238,24761,2,64,1,0.6189,0.0237,0.008,0.1672,0.002048,0.0001,1e+07,""
1239,24781,2,64,1,0.6699,0.0293,0.0116,0.2291,0.001952,0,0,""
1240,24801,2,64,1,1.9052,0.0532,0.0219,0.2728,0.001952,0.0001,1e+07,""
1241,24821,2,64,1,0.6111,0.0227,0.0088,0.1623,0.001952,0,0,""
1242,24841,2,64,1,0.5489,0.018,0.0073,0.169,0.001856,0,0,""
1243,24861,2,64,1,0.6958,0.0508,0.0153,0.2597,0.001856,0,0,""
1244,24881,2,64,1,1.692,0.0241,0.0087,0.1653,0.001856,0,0,""
1245,24901,2,64,1,0.5503,0.0195,0.0126,0.1776,0.002048,0,0,""
1246,24921,2,64,1,0.7882,0.0534,0.0175,0.3369,0.002048,0.0001,1e+07,""
1247,24941,2,64,1,0.5945,0.0221,0.0082,0.1544,0.002048,0,0,""
1248,24961,2,64,1,1.9225,0.0221,0.0084,0.1639,0.002048,0,0,""
1249,24981,2,64,1,0.7194,0.0458,0.0142,0.248,0.002048,0,0,""
1250,25001,2,64,1,0.5947,0.021,0.0076,0.1505,0.002048,0,0,""
1251,25021,2,64,1,0.5608,0.0168,0.0066,0.1341,0.002048,0,0,""
1252,25041,2,64,1,1.8935,0.0512,0.0153,0.2795,0.002048,0,0,""
1253,25061,2,64,1,0.6193,0.0214,0.0079,0.1559,0.002048,0.0001,1e+07,""
1254,25081,2,64,1,0.5707,0.0194,0.007,0.1669,0.001024,0.0001,1e+07,""
1255,25101,2,64,1,0.7395,0.0486,0.0146,0.2588,0.001024,0,0,""
1256,25121,2,64,1,1.7135,0.023,0.0089,0.1644,0.001024,0,0,""
1257,25141,2,64,1,0.6446,0.0201,0.0071,0.1767,0.001792,0.0001,1e+07,""
1258,25161,2,64,1,0.7945,0.0531,0.0154,0.266,0.001792,0.0001,1e+07,""
1259,25181,2,64,1,0.5847,0.021,0.0074,0.1652,0.001792,0.0001,1e+07,""
1260,25201,2,64,1,0,0,0,5447,984,984,1000,49882,34125,49497,828915,401,1.7885,0.0542,0.0154,0.3345,0.002048,0,0,""
1261,25221,2,64,1,0.5778,0.13,0.0541,1.5369,0.001024,0.0002,5e+06,""
1262,25241,2,64,1,0.8794,0.0209,0.0078,0.1672,0.001824,0.0001,1e+07,""
1263,25261,2,64,1,0.6737,0.0178,0.0069,0.1471,0.002048,0,0,""
1264,25281,2,64,1,1.8546,0.0313,0.0114,0.2195,0.002048,0,0,""
1265,25301,2,64,1,0.5807,0.0193,0.0075,0.1603,0.002048,0.0001,1e+07,""
1266,25321,2,64,1,0.5543,0.0195,0.0069,0.2079,0.002048,0,0,""
1267,25341,2,64,1,0.8199,0.0517,0.0184,0.2423,0.002048,0,0,""
1268,25361,2,64,1,1.7659,0.031,0.011,0.1956,0.002048,0,0,""
1269,25381,2,64,1,0.7131,0.0241,0.0091,0.1753,0.002016,0.0001,1e+07,""
1270,25401,2,64,1,0.8293,0.0461,0.0147,0.2673,0.002016,0,0,""
1271,25421,2,64,1,0.6278,0.0358,0.0087,0.1706,0.002016,0,0,""
1272,25441,2,64,1,1.6951,0.0228,0.0084,0.1821,0.002784,0,0,""
1273,25461,2,64,1,0.8354,0.056,0.0147,0.2618,0.002784,0,0,""
1274,25481,2,64,1,0.6073,0.0216,0.0087,0.1607,0.002784,0,0,""
1275,25501,2,64,1,0.5793,0.0183,0.0071,0.145,0.002048,0,0,""
1276,25521,2,64,1,1.9407,0.0509,0.0154,0.3003,0.002048,0,0,""
1277,25541,2,64,1,0.6187,0.0218,0.0075,0.1513,0.002048,0.0001,1e+07,""
1278,25561,2,64,1,0.6814,0.0208,0.0076,0.1531,0.001024,0,0,""
1279,25581,2,64,1,0.7751,0.0525,0.0181,0.2959,0.001024,0.0001,1e+07,""
1280,25601,2,64,1,1.7606,0.0247,0.0089,0.1698,0.001024,0,0,""
1281,25621,2,64,1,0.7516,0.0219,0.0078,0.1635,0.00192,0,0,""
1282,25641,2,64,1,0.7977,0.0528,0.0175,0.2773,0.00192,0,0,""
1283,25661,2,64,1,0.6405,0.0207,0.0075,0.1663,0.00192,0,0,""
1284,25681,2,64,1,1.9582,0.0209,0.0079,0.1759,0.002048,0.0001,1e+07,""
1285,25701,2,64,1,0.8503,0.0581,0.0181,0.3235,0.002048,0,0,""
1286,25721,2,64,1,0.6573,0.0215,0.0087,0.1557,0.002048,0,0,""
1287,25741,2,64,1,0.6049,0.0168,0.0066,0.1319,0.001856,0,0,""
1288,25761,2,64,1,1.9343,0.0492,0.0149,0.2633,0.001856,0,0,""
1289,25781,2,64,1,0.6708,0.0211,0.0081,0.15,0.001856,0,0,""
1290,25801,2,64,1,0,0,0,5552,985,985,1000,49902,33348,49467,778428,437,0.7338,0.0549,0.0164,0.3253,0.001024,0.0002,5e+06,""
1291,25821,2,64,1,0.6483,0.1336,0.0759,1.5662,0.001824,0.0002,5e+06,""
1292,25841,2,64,1,1.8505,0.0252,0.0089,0.1878,0.001888,0,0,""
1293,25861,2,64,1,0.6172,0.019,0.0073,0.1508,0.001024,0,0,""
1294,25881,2,64,1,0.7277,0.0262,0.0113,0.1519,0.001024,0.0001,1e+07,""
1295,25901,2,64,1,0.6213,0.0168,0.0065,0.1342,0.001024,0,0,""
1296,25921,2,64,1,1.9062,0.0201,0.0077,0.1581,0.001024,0.0001,1e+07,""
1297,25941,2,64,1,0.8103,0.0547,0.0181,0.2664,0.001024,0.0001,1e+07,""
1298,25961,2,64,1,0.6201,0.0255,0.0074,0.1513,0.001024,0,0,""
1299,25981,2,64,1,0.6642,0.0175,0.0064,0.1348,0.001024,0,0,""
1300,26001,2,64,1,1.9696,0.0558,0.0154,0.2568,0.001024,0,0,""
1301,26021,2,64,1,0.6298,0.0201,0.0081,0.1504,0.001024,0.0001,1e+07,""
1302,26041,2,64,1,0.8501,0.0198,0.0069,0.1547,0.002048,0,0,""
1303,26061,2,64,1,0.8266,0.0539,0.0171,0.276,0.002048,0,0,""
1304,26081,2,64,1,1.7762,0.0262,0.0103,0.1852,0.002048,0.0001,1e+07,""
1305,26101,2,64,1,0.7932,0.0222,0.0088,0.1699,0.002048,0,0,""
1306,26121,2,64,1,0.8013,0.0515,0.0171,0.3003,0.002048,0,0,""
1307,26141,2,64,1,0.6729,0.0202,0.0075,0.1542,0.002048,0.0001,1e+07,""
1308,26161,2,64,1,2.005,0.0221,0.008,0.166,0.001728,0.0001,1e+07,""
1309,26181,2,64,1,0.8295,0.0567,0.0175,0.294,0.001728,0,0,""
1310,26201,2,64,1,0.6512,0.0202,0.0081,0.1522,0.001728,0.0001,1e+07,""
1311,26221,2,64,1,0.63,0.0235,0.0066,0.1328,0.002048,0,0,""
1312,26241,2,64,1,2.0171,0.0514,0.0157,0.264,0.002048,0,0,""
1313,26261,2,64,1,0.6635,0.0199,0.0077,0.1501,0.002048,0,0,""
1314,26281,2,64,1,0.7279,0.0186,0.0071,0.1578,0.002048,0,0,""
1315,26301,2,64,1,0.9144,0.0555,0.0163,0.3067,0.002048,0,0,""
1316,26321,2,64,1,1.8533,0.0436,0.0134,0.2667,0.002048,0,0,""
1317,26341,2,64,1,0.6777,0.0373,0.0131,0.2185,0.002048,0.0001,1e+07,""
1318,26361,2,64,1,0.8844,0.0541,0.0149,0.2683,0.002048,0,0,""
1319,26381,2,64,1,0.6343,0.0215,0.0083,0.1574,0.002048,0,0,""
1320,26401,2,64,1,0,0,0,5664,986,986,1000,49946,32634,49519,717032,333,1.9342,0.0527,0.0193,0.3142,0.001024,0.0001,1e+07,""
1321,26421,2,64,1,0.6537,0.1349,0.0545,1.3572,0.001024,0.0002,5e+06,""
1322,26441,2,64,1,0.6748,0.022,0.0082,0.1606,0.002048,0,0,""
1323,26461,2,64,1,0.5909,0.0181,0.0067,0.1413,0.00192,0,0,""
1324,26481,2,64,1,1.8947,0.0296,0.0106,0.1972,0.00192,0.0001,1e+07,""
1325,26501,2,64,1,0.6282,0.0196,0.0074,0.1488,0.00192,0,0,""
1326,26521,2,64,1,0.599,0.0203,0.0075,0.1691,0.002048,0.0001,1e+07,""
1327,26541,2,64,1,0.867,0.0484,0.0143,0.2449,0.002048,0,0,""
1328,26561,2,64,1,1.8098,0.0253,0.0094,0.1763,0.002048,0,0,""
1329,26581,2,64,1,0.768,0.0207,0.0075,0.1527,0.002048,0.0001,1e+07,""
1330,26601,2,64,1,0.729,0.0571,0.0165,0.3125,0.002048,0.0001,1e+07,""
1331,26621,2,64,1,0.8327,0.0572,0.02,0.3567,0.002048,0,0,""
1332,26641,2,64,1,2.0697,0.059,0.0161,0.2894,0.002048,0,0,""
1333,26661,2,64,1,0.9898,0.0579,0.0164,0.2982,0.002048,0,0,""
1334,26681,2,64,1,0.7322,0.0311,0.0113,0.1899,0.002048,0,0,""
1335,26701,2,64,1,0.6384,0.0269,0.0092,0.2051,0.002048,0,0,""
1336,26721,2,64,1,1.9706,0.0513,0.0149,0.2498,0.002048,0,0,""
1337,26741,2,64,1,0.6479,0.02,0.0081,0.15,0.002048,0,0,""
1338,26761,2,64,1,0.5859,0.0188,0.0069,0.1692,0.002048,0,0,""
1339,26781,2,64,1,0.7377,0.0653,0.0164,0.2913,0.002048,0.0001,1e+07,""
1340,26801,2,64,1,2.0799,0.0507,0.0154,0.2997,0.002048,0,0,""
1341,26821,2,64,1,0.6937,0.029,0.0117,0.1752,0.001024,0,0,""
1342,26841,2,64,1,0.821,0.0591,0.0167,0.2757,0.001024,0,0,""
1343,26861,2,64,1,0.6651,0.0222,0.0081,0.1602,0.001024,0,0,""
1344,26881,2,64,1,1.9924,0.0356,0.0128,0.2171,0.002048,0.0001,1e+07,""
1345,26901,2,64,1,0.8302,0.0528,0.0158,0.2705,0.002048,0,0,""
1346,26921,2,64,1,0.637,0.0349,0.0087,0.1741,0.002048,0.0001,1e+07,""
1347,26941,2,64,1,0.6135,0.0188,0.0069,0.1556,0.002048,0,0,""
1348,26961,2,64,1,2.0243,0.0526,0.0155,0.2837,0.002048,0.0001,1e+07,""
1349,26981,2,64,1,0.6514,0.0276,0.0086,0.1721,0.002048,0,0,""
